student_id,list_of_countries,what_is_your_year_of_birth_just_the_year_eg_1995_,how_do_you_describe_yourself___selected_choice,how_do_you_describe_yourself___prefer_to_self_describe___text,what_is_your_first_degree_subject_area,how_many_years_work_experience_do_you_have,what_sectors_have_you_worked_in,previous_experiences_of_team_working_in_study_and_work,i_will_enjoy_working_in_the_team,team_communication_will_be_highly_effective,team_communication_will_be_very_frequent,my_team_will_bond_personally_as_well_as_professionally,we_will_collaborate_together_on_the_same_tasks,work_on_separate_tasks_and_link_them_together_later_on,develop_my_professional_skills_as_a_result_of_the_team_project,develop_my_team_working_skills_and_collaboration,we_will_adjust_the_project_regularly_as_we_go_along,we_will_stick_to_our_original_project_plan,we_will_produce_an_end_result_which_we_are_proud_of,i_see_myself_as___extraverted_enthusiastic,i_see_myself_as___critical_quarrelsome,i_see_myself_as___dependable_self_disciplined,i_see_myself_as___anxious_easily_upset,i_see_myself_as___open_to_a_new_experiences_complex,i_see_myself_as___reserved_quiet,i_see_myself_as___sympathetic_warm,i_see_myself_as___disorganised_careless,i_see_myself_as___calm_emotionally_stable,i_see_myself_as___conventional_uncreative,because_i_think_that_this_module_is_interesting,because_i_am_doing_it_for_my_own_good,because_i_am_supposed_to_do_it,personally_i_don’t_see_any_good_reasons_in_the_module,because_i_think_that_this_module_is_pleasant,because_i_think_that_this_module_is_good_for_me,because_it_is_something_that_i_have_to_do,not_sure_if_it_is_worth_it,because_this_module_looks_fun,by_personal_decision,because_i_don’t_have_any_choice,i_don’t_see_what_this_module_brings_me,feel_good_about_this_module,because_i_feel_that_i_have_to_do_it,it_is_a_good_thing_to_pursue_it,not_sure_it_is_a_good_thing_to_pursue_it
1,126,1996,1,,18.0,5.0,"6,12",2.0,5.0,5.0,5.0,4.0,5.0,4.0,5.0,5.0,5.0,4.0,5.0,6.0,2.0,6.0,1.0,7.0,4.0,4.0,1.0,6.0,1.0,7.0,7.0,7.0,4.0,7.0,3.0,7.0,5.0,7.0,7.0,1.0,4.0,7.0,7.0,7.0,3.0
2,126,1996,1,,12.0,3.0,10,3.0,5.0,4.0,4.0,3.0,4.0,2.0,5.0,1.0,4.0,2.0,5.0,1.0,3.0,7.0,3.0,7.0,6.0,4.0,1.0,6.0,5.0,5.0,6.0,7.0,1.0,4.0,6.0,7.0,1.0,3.0,1.0,4.0,1.0,5.0,6.0,4.0,1.0
3,126,1990,2,,20.0,2.0,18,2.0,4.0,4.0,3.0,4.0,4.0,5.0,5.0,4.0,3.0,4.0,5.0,2.0,1.0,6.0,2.0,6.0,7.0,6.0,2.0,6.0,2.0,4.0,6.0,4.0,1.0,4.0,6.0,4.0,1.0,4.0,6.0,1.0,1.0,4.0,6.0,4.0,1.0
4,126,1991,1,,20.0,6.0,"10,14",4.0,5.0,5.0,5.0,4.0,5.0,4.0,5.0,5.0,5.0,4.0,4.0,6.0,2.0,6.0,2.0,7.0,4.0,5.0,1.0,6.0,1.0,7.0,7.0,1.0,1.0,7.0,7.0,1.0,1.0,7.0,7.0,1.0,1.0,7.0,7.0,4.0,1.0
5,130,1998,1,,24.0,0.0,,2.0,3.0,4.0,3.0,3.0,3.0,3.0,3.0,3.0,4.0,3.0,4.0,6.0,1.0,6.0,1.0,7.0,1.0,5.0,2.0,7.0,1.0,4.0,5.0,4.0,2.0,5.0,5.0,2.0,3.0,5.0,4.0,4.0,4.0,4.0,4.0,4.0,4.0
6,126,1985,1,,15.0,11.0,"8,13,16",2.0,4.0,5.0,5.0,4.0,4.0,4.0,4.0,3.0,3.0,4.0,5.0,4.0,2.0,7.0,1.0,6.0,5.0,1.0,1.0,7.0,1.0,6.0,7.0,6.0,6.0,5.0,6.0,4.0,1.0,6.0,5.0,2.0,1.0,5.0,5.0,4.0,4.0
7,126,1985,1,,17.0,10.0,"3,10,16",3.0,5.0,5.0,5.0,5.0,5.0,5.0,5.0,5.0,5.0,5.0,5.0,7.0,1.0,7.0,3.0,7.0,1.0,4.0,1.0,7.0,1.0,7.0,7.0,7.0,1.0,7.0,7.0,7.0,1.0,7.0,7.0,1.0,1.0,7.0,7.0,7.0,1.0
8,185,2001,2,,13.0,5.0,"11,17,19",4.0,4.0,5.0,5.0,4.0,4.0,4.0,5.0,5.0,4.0,3.0,2.0,5.0,7.0,7.0,6.0,5.0,4.0,5.0,1.0,1.0,5.0,5.0,5.0,7.0,3.0,5.0,5.0,6.0,5.0,4.0,4.0,7.0,5.0,4.0,4.0,5.0,4.0
9,126,1976,1,,6.0,21.0,11,4.0,1.0,1.0,1.0,1.0,1.0,1.0,1.0,1.0,1.0,1.0,1.0,6.0,2.0,7.0,3.0,7.0,6.0,7.0,1.0,7.0,3.0,7.0,7.0,5.0,1.0,7.0,7.0,7.0,4.0,4.0,5.0,1.0,3.0,7.0,7.0,6.0,1.0
10,78,1998,2,,17.0,2.5,13,2.0,5.0,5.0,5.0,5.0,4.0,2.0,5.0,5.0,4.0,3.0,5.0,6.0,1.0,7.0,5.0,6.0,2.0,5.0,1.0,3.0,1.0,7.0,7.0,1.0,1.0,4.0,7.0,2.0,1.0,4.0,1.0,1.0,1.0,4.0,7.0,1.0,1.0
11,126,1996,2,,12.0,,"14,19",3.0,5.0,5.0,5.0,5.0,5.0,3.0,5.0,5.0,5.0,2.0,5.0,2.0,1.0,7.0,1.0,7.0,4.0,7.0,1.0,7.0,2.0,7.0,7.0,7.0,1.0,7.0,7.0,4.0,1.0,7.0,7.0,1.0,1.0,7.0,7.0,1.0,1.0
12,126,1986,2,,10.0,10.0,11,4.0,5.0,4.0,4.0,3.0,4.0,5.0,5.0,5.0,4.0,4.0,5.0,5.0,1.0,6.0,4.0,5.0,6.0,6.0,2.0,5.0,5.0,6.0,7.0,7.0,1.0,6.0,7.0,4.0,1.0,6.0,4.0,4.0,1.0,6.0,6.0,5.0,1.0
13,185,1995,1,,17.0,6.0,"9,10",4.0,5.0,5.0,5.0,5.0,5.0,4.0,5.0,5.0,3.0,3.0,5.0,7.0,2.0,6.0,1.0,7.0,1.0,5.0,3.0,7.0,3.0,6.0,7.0,7.0,1.0,5.0,7.0,7.0,1.0,6.0,1.0,7.0,1.0,6.0,7.0,7.0,1.0
14,14,1997,2,,15.0,0.0,,4.0,5.0,5.0,5.0,5.0,5.0,5.0,5.0,5.0,5.0,5.0,5.0,7.0,1.0,7.0,1.0,7.0,2.0,7.0,1.0,7.0,1.0,7.0,1.0,6.0,1.0,7.0,7.0,6.0,1.0,6.0,6.0,1.0,1.0,7.0,7.0,6.0,1.0
15,84,2000,2,,23.0,1.0,"9,19",2.0,4.0,4.0,4.0,3.0,4.0,3.0,5.0,5.0,4.0,3.0,5.0,3.0,2.0,7.0,1.0,7.0,5.0,5.0,1.0,6.0,1.0,7.0,7.0,5.0,1.0,6.0,7.0,5.0,1.0,7.0,1.0,5.0,1.0,6.0,7.0,1.0,1.0
16,164,1993,2,,24.0,5.0,"3,10",2.0,5.0,5.0,5.0,3.0,4.0,4.0,4.0,5.0,4.0,3.0,5.0,6.0,2.0,6.0,1.0,7.0,2.0,6.0,2.0,6.0,1.0,7.0,6.0,2.0,2.0,7.0,7.0,4.0,2.0,6.0,6.0,2.0,2.0,6.0,6.0,4.0,2.0
17,192,1999,1,,17.0,1.0,"10,16",2.0,3.0,4.0,4.0,3.0,3.0,3.0,4.0,3.0,4.0,4.0,5.0,4.0,5.0,6.0,2.0,5.0,5.0,6.0,1.0,6.0,4.0,6.0,5.0,7.0,2.0,4.0,6.0,6.0,3.0,4.0,4.0,4.0,3.0,5.0,4.0,6.0,2.0
18,192,1996,2,,24.0,1.0,"11,16",2.0,4.0,4.0,3.0,4.0,4.0,4.0,5.0,5.0,4.0,2.0,4.0,3.0,5.0,5.0,4.0,6.0,5.0,6.0,3.0,4.0,3.0,6.0,6.0,6.0,2.0,4.0,5.0,6.0,3.0,5.0,5.0,2.0,2.0,5.0,5.0,5.0,2.0
19,185,2001,1,,20.0,0.0,,2.0,4.0,4.0,3.0,4.0,3.0,2.0,5.0,5.0,4.0,3.0,5.0,5.0,4.0,5.0,2.0,7.0,3.0,4.0,2.0,5.0,4.0,,,,,,,,,,,,,,,,
20,164,1989,2,,24.0,12.0,"11,13",4.0,4.0,5.0,4.0,4.0,4.0,4.0,4.0,4.0,4.0,4.0,4.0,6.0,3.0,6.0,4.0,6.0,7.0,7.0,5.0,5.0,3.0,7.0,7.0,7.0,7.0,7.0,7.0,7.0,3.0,7.0,3.0,3.0,4.0,7.0,7.0,5.0,6.0
21,164,1997,1,,24.0,3.0,11,2.0,5.0,5.0,4.0,4.0,5.0,4.0,5.0,4.0,4.0,4.0,5.0,6.0,6.0,7.0,6.0,7.0,5.0,6.0,2.0,6.0,6.0,6.0,6.0,7.0,6.0,6.0,6.0,6.0,5.0,5.0,4.0,6.0,4.0,4.0,6.0,5.0,4.0
22,126,1990,1,,13.0,7.0,"11,19",2.0,5.0,5.0,5.0,4.0,5.0,4.0,5.0,5.0,5.0,4.0,5.0,6.0,6.0,6.0,5.0,7.0,2.0,6.0,5.0,6.0,1.0,5.0,7.0,4.0,1.0,6.0,6.0,4.0,1.0,3.0,7.0,1.0,1.0,6.0,7.0,7.0,1.0
23,126,1993,2,,14.0,6.0,11,3.0,5.0,5.0,5.0,4.0,5.0,5.0,5.0,5.0,5.0,4.0,5.0,7.0,2.0,7.0,2.0,7.0,7.0,7.0,1.0,7.0,1.0,,,,,,7.0,5.0,,,,,,,,,
24,185,1988,1,,6.0,10.0,16,4.0,4.0,5.0,4.0,4.0,3.0,4.0,4.0,3.0,5.0,3.0,5.0,3.0,3.0,6.0,4.0,7.0,5.0,5.0,4.0,6.0,4.0,6.0,6.0,1.0,1.0,4.0,5.0,1.0,1.0,5.0,6.0,1.0,1.0,4.0,5.0,1.0,2.0
25,185,2000,1,,24.0,,19,,,,,,,,,,,,,,,,,,,,,,,,,,,,,,,,,,,,,,
26,185,1998,1,,20.0,0.0,,2.0,3.0,3.0,3.0,3.0,2.0,4.0,4.0,4.0,4.0,2.0,3.0,3.0,4.0,5.0,5.0,5.0,4.0,5.0,4.0,5.0,5.0,2.0,3.0,3.0,3.0,4.0,5.0,3.0,3.0,2.0,2.0,6.0,1.0,3.0,2.0,2.0,1.0
27,169,1996,2,,24.0,13.0,"9,16,17",3.0,4.0,5.0,5.0,5.0,5.0,5.0,5.0,5.0,4.0,4.0,5.0,5.0,3.0,6.0,5.0,5.0,6.0,5.0,3.0,5.0,3.0,4.0,4.0,7.0,3.0,4.0,4.0,4.0,4.0,4.0,4.0,7.0,3.0,4.0,4.0,4.0,4.0
28,185,1995,3,,19.0,,19,3.0,3.0,3.0,3.0,3.0,4.0,4.0,5.0,3.0,4.0,2.0,4.0,2.0,5.0,6.0,4.0,6.0,4.0,6.0,3.0,1.0,4.0,3.0,2.0,7.0,2.0,4.0,7.0,5.0,7.0,5.0,6.0,7.0,5.0,6.0,7.0,7.0,3.0
29,185,1998,1,,17.0,8.0,13,4.0,4.0,3.0,5.0,5.0,4.0,5.0,5.0,4.0,5.0,3.0,5.0,1.0,2.0,6.0,6.0,7.0,3.0,4.0,5.0,2.0,4.0,6.0,7.0,7.0,2.0,4.0,7.0,7.0,2.0,6.0,7.0,5.0,1.0,7.0,7.0,6.0,3.0
30,163,1983,1,,15.0,13.0,"3,10,13,17",3.0,4.0,3.0,4.0,4.0,3.0,4.0,4.0,3.0,4.0,2.0,4.0,3.0,5.0,7.0,4.0,6.0,6.0,6.0,1.0,7.0,2.0,5.0,3.0,5.0,2.0,2.0,5.0,7.0,6.0,3.0,2.0,6.0,2.0,3.0,4.0,6.0,4.0
31,78,1998,1,,17.0,1.75,17,4.0,4.0,4.0,3.0,3.0,3.0,4.0,4.0,4.0,4.0,3.0,5.0,5.0,3.0,4.0,1.0,6.0,5.0,4.0,2.0,5.0,3.0,4.0,5.0,5.0,5.0,5.0,5.0,6.0,5.0,6.0,5.0,6.0,5.0,6.0,5.0,6.0,5.0
32,126,1979,2,,24.0,19.0,11,4.0,5.0,5.0,5.0,5.0,5.0,4.0,5.0,5.0,4.0,3.0,5.0,7.0,6.0,6.0,6.0,7.0,2.0,7.0,1.0,5.0,1.0,6.0,6.0,1.0,1.0,6.0,6.0,2.0,1.0,6.0,6.0,1.0,6.0,6.0,6.0,2.0,1.0
33,126,1970,4,,24.0,16.0,11,2.0,5.0,5.0,4.0,4.0,4.0,5.0,3.0,5.0,4.0,4.0,5.0,5.0,3.0,5.0,6.0,6.0,7.0,5.0,1.0,6.0,1.0,4.0,,5.0,7.0,7.0,6.0,7.0,1.0,6.0,6.0,4.0,6.0,7.0,7.0,6.0,5.0
34,164,1992,2,,24.0,5.0,19,4.0,5.0,5.0,5.0,5.0,5.0,5.0,5.0,5.0,5.0,5.0,5.0,7.0,4.0,7.0,4.0,7.0,6.0,6.0,4.0,7.0,2.0,7.0,7.0,7.0,7.0,7.0,7.0,7.0,1.0,5.0,6.0,1.0,1.0,6.0,7.0,7.0,1.0
35,126,1999,1,,17.0,7.0,"9,11,15,17,18,19",4.0,3.0,4.0,5.0,1.0,4.0,4.0,3.0,4.0,5.0,2.0,5.0,5.0,5.0,7.0,1.0,7.0,6.0,7.0,2.0,7.0,5.0,3.0,7.0,5.0,4.0,5.0,7.0,6.0,4.0,2.0,7.0,4.0,4.0,6.0,3.0,5.0,4.0
36,126,1987,2,,13.0,6.0,"14,19",2.0,5.0,5.0,5.0,5.0,5.0,4.0,5.0,5.0,4.0,4.0,5.0,6.0,1.0,6.0,2.0,7.0,6.0,6.0,2.0,6.0,2.0,7.0,4.0,7.0,1.0,7.0,7.0,7.0,2.0,5.0,6.0,5.0,4.0,6.0,6.0,6.0,2.0
37,164,1981,1,,24.0,17.0,10,4.0,5.0,5.0,4.0,5.0,2.0,3.0,4.0,4.0,5.0,1.0,5.0,6.0,6.0,4.0,6.0,7.0,5.0,5.0,1.0,6.0,1.0,7.0,5.0,6.0,1.0,5.0,7.0,1.0,1.0,5.0,7.0,1.0,1.0,7.0,7.0,1.0,1.0
38,130,1993,1,,17.0,5.0,"10,13,14",4.0,4.0,5.0,4.0,5.0,2.0,5.0,4.0,5.0,5.0,2.0,5.0,7.0,1.0,5.0,3.0,7.0,5.0,6.0,2.0,2.0,5.0,6.0,5.0,6.0,6.0,6.0,6.0,6.0,2.0,1.0,3.0,4.0,1.0,6.0,6.0,6.0,5.0
39,130,1991,2,,17.0,,,,,,,,,,,,,,,,,,,,,,,,,,,,,,,,,,,,,,,,
40,164,1996,1,,24.0,4.0,"10,11,13",3.0,5.0,4.0,4.0,4.0,4.0,4.0,5.0,5.0,4.0,2.0,5.0,6.0,4.0,6.0,3.0,7.0,3.0,6.0,1.0,6.0,1.0,7.0,4.0,4.0,1.0,7.0,7.0,6.0,1.0,5.0,6.0,1.0,1.0,5.0,7.0,1.0,1.0
41,78,1992,1,,20.0,7.0,11,4.0,5.0,5.0,5.0,5.0,5.0,5.0,5.0,5.0,5.0,5.0,5.0,,,,,,,,,,,,,,,,,,,,,,,,,,
42,185,1975,2,,11.0,10.0,"8,9,13",2.0,5.0,5.0,4.0,4.0,3.0,3.0,5.0,5.0,5.0,3.0,5.0,3.0,1.0,7.0,5.0,7.0,6.0,7.0,2.0,6.0,5.0,7.0,7.0,2.0,2.0,5.0,7.0,5.0,1.0,6.0,4.0,4.0,1.0,7.0,7.0,2.0,2.0
43,164,1990,2,,24.0,9.5,11,4.0,4.0,5.0,3.0,4.0,4.0,5.0,5.0,5.0,5.0,2.0,5.0,,4.0,6.0,3.0,7.0,7.0,5.0,2.0,4.0,2.0,6.0,7.0,1.0,1.0,4.0,7.0,6.0,1.0,1.0,7.0,1.0,1.0,7.0,7.0,7.0,1.0
44,104,1993,1,,24.0,4.0,11,3.0,4.0,4.0,4.0,4.0,4.0,4.0,4.0,4.0,4.0,4.0,4.0,4.0,5.0,5.0,3.0,5.0,5.0,5.0,5.0,5.0,4.0,4.0,4.0,4.0,4.0,4.0,4.0,4.0,4.0,4.0,4.0,6.0,2.0,3.0,4.0,4.0,2.0
45,172,1993,1,,15.0,5.0,3,,,,,,,,,,,,,,,,,,,,,,,,,,,,,,,,,,,,,,
46,78,1994,1,,24.0,,11,2.0,5.0,5.0,5.0,5.0,5.0,5.0,5.0,5.0,5.0,5.0,5.0,7.0,1.0,7.0,2.0,7.0,1.0,6.0,1.0,6.0,1.0,7.0,6.0,1.0,1.0,5.0,6.0,3.0,2.0,5.0,7.0,1.0,1.0,4.0,7.0,3.0,1.0
47,185,1997,2,,35.0,,,3.0,4.0,4.0,3.0,3.0,4.0,4.0,5.0,5.0,5.0,2.0,5.0,3.0,1.0,5.0,5.0,5.0,5.0,6.0,3.0,5.0,3.0,6.0,6.0,7.0,2.0,5.0,5.0,6.0,4.0,4.0,4.0,4.0,4.0,5.0,6.0,4.0,4.0
48,104,1992,1,,33.0,5.0,"3,7,18,19",2.0,3.0,4.0,4.0,4.0,4.0,4.0,4.0,4.0,4.0,4.0,4.0,5.0,5.0,5.0,5.0,5.0,5.0,5.0,5.0,5.0,5.0,6.0,5.0,6.0,3.0,,7.0,7.0,5.0,6.0,5.0,2.0,,6.0,6.0,6.0,6.0
49,126,1984,2,,17.0,8.0,11,2.0,5.0,5.0,4.0,5.0,5.0,5.0,4.0,4.0,4.0,5.0,5.0,7.0,6.0,7.0,3.0,7.0,5.0,7.0,1.0,7.0,6.0,7.0,7.0,6.0,5.0,5.0,5.0,5.0,6.0,5.0,5.0,6.0,5.0,5.0,5.0,6.0,6.0
50,126,1992,1,,17.0,6.0,12,4.0,5.0,5.0,5.0,5.0,5.0,5.0,5.0,5.0,5.0,4.0,5.0,7.0,1.0,7.0,2.0,6.0,4.0,4.0,1.0,6.0,1.0,6.0,6.0,6.0,1.0,7.0,7.0,7.0,1.0,7.0,6.0,1.0,1.0,6.0,7.0,6.0,1.0
51,126,1998,2,,23.0,1.0,"11,14",4.0,5.0,5.0,4.0,4.0,5.0,3.0,5.0,5.0,5.0,3.0,4.0,7.0,1.0,6.0,2.0,7.0,2.0,7.0,2.0,4.0,2.0,6.0,7.0,7.0,1.0,6.0,7.0,4.0,1.0,5.0,3.0,2.0,1.0,7.0,7.0,5.0,1.0
52,126,1991,2,,16.0,5.0,11,2.0,1.0,,1.0,1.0,1.0,1.0,1.0,1.0,1.0,1.0,1.0,4.0,1.0,5.0,5.0,5.0,5.0,5.0,1.0,6.0,5.0,3.0,4.0,3.0,4.0,4.0,4.0,4.0,4.0,4.0,,1.0,,4.0,4.0,4.0,1.0
53,126,2001,2,,14.0,,"10,11",4.0,4.0,3.0,3.0,4.0,3.0,5.0,4.0,4.0,4.0,4.0,5.0,2.0,2.0,6.0,6.0,7.0,6.0,5.0,2.0,5.0,3.0,4.0,4.0,5.0,1.0,4.0,4.0,5.0,1.0,4.0,4.0,4.0,1.0,5.0,6.0,5.0,1.0
54,126,1979,2,,17.0,7.0,10,2.0,4.0,4.0,4.0,5.0,5.0,4.0,5.0,5.0,3.0,4.0,5.0,6.0,1.0,6.0,1.0,6.0,4.0,6.0,1.0,6.0,1.0,5.0,7.0,4.0,3.0,6.0,6.0,6.0,1.0,4.0,4.0,,1.0,6.0,7.0,7.0,1.0
55,126,1986,2,,16.0,13.0,11,4.0,5.0,4.0,5.0,5.0,,3.0,3.0,4.0,5.0,3.0,5.0,6.0,3.0,,4.0,6.0,5.0,7.0,1.0,5.0,2.0,,,,,,,7.0,,,,,,,,,
56,126,1986,2,,17.0,11.0,10,4.0,5.0,5.0,4.0,3.0,5.0,3.0,5.0,5.0,3.0,3.0,5.0,5.0,2.0,6.0,1.0,7.0,2.0,6.0,2.0,6.0,2.0,,,,,,,,,,,,,,,,
57,126,1990,2,,24.0,,"10,17,19",4.0,5.0,5.0,4.0,4.0,4.0,4.0,4.0,4.0,4.0,5.0,5.0,5.0,2.0,7.0,1.0,7.0,4.0,6.0,2.0,6.0,1.0,,,,,,,,,,,,,,,,
58,126,1992,1,,6.0,7.0,11,3.0,5.0,5.0,5.0,4.0,5.0,5.0,5.0,5.0,5.0,4.0,5.0,6.0,6.0,,2.0,7.0,6.0,7.0,1.0,6.0,6.0,7.0,7.0,6.0,7.0,7.0,7.0,6.0,1.0,6.0,7.0,1.0,1.0,6.0,7.0,1.0,1.0
59,164,1991,1,,15.0,4.0,3,3.0,5.0,5.0,5.0,4.0,4.0,4.0,5.0,5.0,4.0,3.0,5.0,7.0,2.0,2.0,2.0,6.0,5.0,5.0,2.0,6.0,2.0,7.0,7.0,1.0,1.0,6.0,7.0,1.0,1.0,5.0,4.0,3.0,3.0,6.0,6.0,4.0,2.0
60,192,1997,2,,24.0,2.0,"14,19",2.0,4.0,4.0,4.0,5.0,4.0,4.0,4.0,4.0,5.0,4.0,4.0,5.0,4.0,5.0,3.0,5.0,3.0,5.0,1.0,3.0,4.0,6.0,5.0,5.0,4.0,5.0,6.0,5.0,4.0,6.0,6.0,1.0,1.0,6.0,6.0,6.0,6.0
61,78,1993,2,,15.0,3.0,"10,13",,,,,,,,,,,,,,,,,,,,,,,,,,,,,,,,,,,,,,
62,179,1996,1,,24.0,2.0,"10,19",2.0,4.0,4.0,4.0,4.0,2.0,4.0,5.0,5.0,4.0,4.0,5.0,4.0,5.0,6.0,3.0,6.0,5.0,5.0,1.0,7.0,3.0,5.0,6.0,4.0,1.0,5.0,6.0,2.0,2.0,4.0,7.0,1.0,1.0,4.0,6.0,6.0,4.0
63,185,1998,2,,24.0,1.0,"16,18",,,,,,,,,,,,,,,,,,,,,,,,,,,,,,,,,,,,,,
64,80,1989,2,,22.0,7.0,"14,17",4.0,5.0,5.0,5.0,5.0,5.0,4.0,5.0,5.0,5.0,4.0,4.0,6.0,5.0,5.0,1.0,7.0,3.0,4.0,1.0,5.0,3.0,5.0,5.0,5.0,3.0,5.0,6.0,3.0,2.0,5.0,5.0,2.0,2.0,5.0,4.0,2.0,2.0
65,75,2000,1,,18.0,0.0,,2.0,5.0,5.0,5.0,4.0,5.0,5.0,3.0,3.0,4.0,4.0,4.0,5.0,3.0,5.0,2.0,4.0,6.0,6.0,5.0,7.0,3.0,7.0,5.0,6.0,3.0,5.0,2.0,6.0,7.0,4.0,6.0,1.0,3.0,5.0,4.0,5.0,7.0
66,75,1995,2,,19.0,5.0,"10,16",4.0,4.0,5.0,5.0,3.0,4.0,5.0,5.0,5.0,5.0,3.0,4.0,5.0,4.0,6.0,5.0,7.0,5.0,7.0,2.0,6.0,3.0,5.0,5.0,4.0,4.0,5.0,5.0,6.0,5.0,4.0,5.0,2.0,3.0,5.0,5.0,5.0,5.0
67,78,1987,2,,24.0,8.0,11,3.0,5.0,5.0,5.0,4.0,5.0,5.0,5.0,5.0,5.0,5.0,5.0,6.0,6.0,7.0,3.0,6.0,7.0,7.0,1.0,6.0,5.0,7.0,6.0,1.0,1.0,6.0,6.0,1.0,1.0,6.0,7.0,1.0,1.0,7.0,7.0,7.0,1.0
68,118,1996,2,,17.0,5.0,"10,11,13,16",4.0,5.0,5.0,2.0,5.0,5.0,3.0,5.0,5.0,4.0,2.0,5.0,5.0,4.0,7.0,2.0,7.0,4.0,7.0,2.0,6.0,3.0,7.0,6.0,4.0,6.0,4.0,4.0,2.0,4.0,5.0,7.0,3.0,4.0,6.0,6.0,3.0,3.0
69,185,1992,1,,15.0,7.0,"3,8,15",4.0,2.0,2.0,4.0,3.0,4.0,5.0,4.0,4.0,5.0,1.0,3.0,4.0,2.0,6.0,3.0,5.0,6.0,6.0,3.0,6.0,6.0,6.0,5.0,5.0,3.0,5.0,5.0,5.0,5.0,6.0,1.0,7.0,3.0,4.0,4.0,6.0,4.0
70,126,1995,1,,20.0,3.0,"11,17",4.0,5.0,5.0,5.0,4.0,4.0,4.0,4.0,4.0,3.0,3.0,5.0,6.0,4.0,5.0,4.0,6.0,6.0,6.0,1.0,6.0,3.0,5.0,6.0,5.0,1.0,6.0,6.0,6.0,3.0,4.0,5.0,2.0,2.0,6.0,6.0,4.0,1.0
71,192,1998,1,,20.0,1.0,"7,11,19",4.0,5.0,5.0,4.0,4.0,3.0,4.0,5.0,5.0,4.0,2.0,5.0,6.0,4.0,6.0,1.0,7.0,5.0,6.0,1.0,7.0,1.0,6.0,6.0,4.0,1.0,6.0,7.0,7.0,2.0,7.0,5.0,5.0,1.0,7.0,7.0,7.0,1.0
72,78,1984,1,,10.0,,,,,,,,,,,,,,,,,,,,,,,,,,,,,,,,,,,,,,,,
73,78,1997,2,,15.0,3.0,"10,14",3.0,5.0,5.0,5.0,4.0,3.0,4.0,5.0,5.0,3.0,5.0,5.0,,,,,,,,,,,,,,,,,,,,,,,,,,
74,164,1986,2,,24.0,12.0,11,3.0,5.0,5.0,5.0,5.0,5.0,5.0,5.0,5.0,5.0,5.0,5.0,6.0,1.0,6.0,1.0,7.0,3.0,7.0,6.0,6.0,1.0,6.0,7.0,4.0,1.0,4.0,7.0,1.0,1.0,7.0,3.0,1.0,1.0,7.0,7.0,5.0,3.0
75,164,1980,1,,24.0,,11,2.0,5.0,5.0,4.0,4.0,4.0,5.0,5.0,5.0,5.0,5.0,5.0,7.0,6.0,7.0,7.0,7.0,3.0,7.0,2.0,7.0,2.0,6.0,6.0,5.0,2.0,5.0,6.0,6.0,2.0,6.0,3.0,6.0,2.0,6.0,6.0,6.0,2.0
76,137,1996,1,,4.0,,"3,6,7,17",4.0,5.0,5.0,5.0,5.0,5.0,5.0,5.0,5.0,5.0,5.0,5.0,6.0,7.0,5.0,1.0,7.0,1.0,7.0,2.0,6.0,1.0,7.0,7.0,4.0,1.0,7.0,7.0,4.0,1.0,7.0,7.0,1.0,1.0,7.0,7.0,4.0,4.0
77,164,1990,1,,24.0,5.0,,,,,,,,,,,,,,,,,,,,,,,,,,,,,,,,,,,,,,,
78,130,1992,1,,15.0,3.0,,,,,,,,,,,,,,,,,,,,,,,,,,,,,,,,,,,,,,,
79,78,1994,2,,20.0,,,,,,,,,,,,,,,,,,,,,,,,,,,,,,,,,,,,,,,,
80,126,1988,1,,15.0,5.0,,,,,,,,,,,,,,,,,,,,,,,,,,,,,,,,,,,,,,,
81,78,1989,2,,17.0,9.0,10,4.0,5.0,5.0,5.0,5.0,1.0,5.0,5.0,5.0,5.0,2.0,5.0,4.0,1.0,1.0,1.0,7.0,5.0,6.0,1.0,7.0,1.0,7.0,7.0,4.0,3.0,7.0,7.0,4.0,4.0,4.0,1.0,4.0,4.0,7.0,7.0,7.0,4.0
82,126,1985,2,,14.0,12.0,16,1.0,5.0,5.0,4.0,5.0,5.0,5.0,4.0,5.0,3.0,4.0,5.0,1.0,1.0,6.0,1.0,6.0,6.0,6.0,1.0,6.0,4.0,4.0,7.0,7.0,4.0,4.0,7.0,7.0,1.0,3.0,7.0,5.0,4.0,4.0,7.0,7.0,1.0
83,126,1996,2,,11.0,2.0,"10,16,19",2.0,5.0,4.0,4.0,1.0,5.0,1.0,1.0,1.0,5.0,4.0,5.0,1.0,1.0,7.0,7.0,7.0,7.0,7.0,1.0,7.0,6.0,7.0,7.0,7.0,1.0,6.0,7.0,7.0,1.0,6.0,7.0,4.0,1.0,7.0,7.0,7.0,1.0
84,78,1999,1,,17.0,0.0,,1.0,4.0,3.0,2.0,3.0,3.0,4.0,4.0,4.0,4.0,4.0,4.0,3.0,3.0,6.0,2.0,6.0,5.0,5.0,5.0,6.0,5.0,7.0,5.0,3.0,2.0,4.0,4.0,4.0,4.0,4.0,4.0,1.0,4.0,4.0,4.0,4.0,4.0
85,126,1993,1,,2.0,2.0,4,4.0,5.0,5.0,4.0,4.0,5.0,4.0,5.0,5.0,5.0,5.0,5.0,5.0,2.0,7.0,4.0,7.0,7.0,6.0,,7.0,4.0,5.0,7.0,4.0,1.0,4.0,6.0,6.0,1.0,5.0,4.0,2.0,2.0,4.0,5.0,5.0,1.0
86,30,1997,1,,16.0,3.0,19,2.0,4.0,4.0,4.0,5.0,4.0,4.0,5.0,4.0,4.0,3.0,5.0,6.0,4.0,7.0,2.0,5.0,5.0,2.0,5.0,4.0,5.0,6.0,6.0,5.0,1.0,6.0,6.0,5.0,1.0,5.0,5.0,2.0,1.0,6.0,6.0,6.0,1.0
87,53,1996,1,,15.0,,"10,13",3.0,3.0,3.0,3.0,3.0,3.0,3.0,3.0,3.0,3.0,2.0,4.0,6.0,5.0,4.0,5.0,4.0,5.0,4.0,5.0,4.0,3.0,3.0,5.0,6.0,7.0,3.0,2.0,6.0,7.0,2.0,2.0,7.0,7.0,2.0,2.0,7.0,7.0
88,126,1980,1,,15.0,15.0,11,2.0,5.0,5.0,5.0,4.0,5.0,1.0,5.0,5.0,5.0,1.0,5.0,6.0,1.0,7.0,1.0,7.0,4.0,7.0,1.0,7.0,1.0,7.0,7.0,3.0,1.0,3.0,7.0,7.0,1.0,6.0,1.0,1.0,1.0,7.0,7.0,7.0,1.0
89,172,1997,1,,17.0,3.0,10,4.0,4.0,5.0,5.0,4.0,5.0,3.0,5.0,5.0,5.0,3.0,5.0,5.0,7.0,6.0,6.0,7.0,7.0,7.0,1.0,7.0,1.0,7.0,7.0,7.0,2.0,5.0,6.0,6.0,1.0,6.0,7.0,1.0,1.0,7.0,7.0,7.0,1.0
90,130,1995,1,,17.0,4.0,"13,16,17",3.0,5.0,5.0,4.0,4.0,5.0,4.0,5.0,5.0,5.0,2.0,5.0,6.0,1.0,6.0,3.0,7.0,6.0,7.0,1.0,6.0,3.0,6.0,6.0,6.0,6.0,6.0,7.0,7.0,4.0,6.0,7.0,3.0,2.0,7.0,7.0,6.0,1.0
91,164,1994,1,,24.0,2.5,"3,8,10",3.0,5.0,5.0,5.0,4.0,4.0,4.0,5.0,5.0,4.0,4.0,5.0,5.0,5.0,6.0,4.0,7.0,5.0,5.0,2.0,6.0,1.0,7.0,6.0,4.0,1.0,7.0,7.0,4.0,4.0,7.0,7.0,4.0,4.0,7.0,7.0,4.0,4.0
92,126,1992,1,,,6.0,"1,12",2.0,5.0,5.0,4.0,5.0,4.0,5.0,5.0,4.0,5.0,5.0,5.0,6.0,1.0,7.0,6.0,7.0,6.0,7.0,1.0,7.0,1.0,5.0,7.0,7.0,1.0,7.0,7.0,7.0,1.0,1.0,1.0,6.0,1.0,7.0,7.0,7.0,1.0
93,164,1986,1,,17.0,12.0,10,4.0,5.0,5.0,4.0,4.0,4.0,4.0,4.0,5.0,4.0,4.0,4.0,,,,,,,,,,,,,,,,,,,,,,,,,,
94,78,1984,2,,15.0,15.0,"10,13",4.0,5.0,5.0,5.0,5.0,1.0,5.0,5.0,5.0,2.0,4.0,5.0,5.0,1.0,7.0,6.0,7.0,5.0,7.0,1.0,5.0,1.0,7.0,7.0,4.0,1.0,4.0,7.0,7.0,1.0,3.0,1.0,1.0,1.0,7.0,7.0,4.0,1.0
95,126,1980,2,,6.0,14.0,"7,11",4.0,5.0,4.0,5.0,3.0,5.0,5.0,5.0,5.0,5.0,3.0,5.0,6.0,1.0,7.0,1.0,7.0,3.0,7.0,1.0,7.0,1.0,7.0,4.0,4.0,1.0,7.0,7.0,7.0,1.0,7.0,7.0,1.0,1.0,7.0,7.0,1.0,1.0
96,164,1998,1,,17.0,3.0,10,2.0,5.0,5.0,4.0,3.0,4.0,4.0,5.0,5.0,4.0,2.0,5.0,6.0,5.0,6.0,2.0,6.0,4.0,4.0,2.0,6.0,4.0,6.0,6.0,4.0,2.0,5.0,6.0,4.0,2.0,6.0,,2.0,2.0,5.0,6.0,4.0,2.0
97,21,1998,1,,15.0,2.0,7,2.0,4.0,4.0,5.0,5.0,4.0,4.0,5.0,5.0,4.0,3.0,5.0,4.0,6.0,6.0,3.0,6.0,5.0,4.0,2.0,7.0,3.0,7.0,6.0,4.0,1.0,6.0,6.0,5.0,1.0,6.0,7.0,1.0,1.0,6.0,7.0,4.0,1.0
98,163,1994,2,,32.0,5.0,10,4.0,3.0,4.0,4.0,4.0,4.0,1.0,5.0,3.0,4.0,2.0,4.0,7.0,4.0,6.0,5.0,6.0,1.0,7.0,2.0,4.0,1.0,7.0,7.0,1.0,1.0,4.0,7.0,4.0,1.0,4.0,6.0,1.0,1.0,6.0,7.0,3.0,1.0
99,179,1987,1,,24.0,7.0,11,2.0,4.0,4.0,4.0,4.0,4.0,2.0,3.0,4.0,4.0,2.0,3.0,6.0,6.0,6.0,5.0,6.0,3.0,5.0,2.0,5.0,2.0,5.0,4.0,6.0,3.0,4.0,5.0,6.0,5.0,4.0,3.0,6.0,4.0,5.0,4.0,5.0,5.0
100,179,1990,1,,20.0,,11,2.0,5.0,4.0,3.0,3.0,2.0,4.0,5.0,4.0,4.0,3.0,5.0,5.0,6.0,7.0,3.0,6.0,4.0,6.0,4.0,5.0,2.0,4.0,3.0,6.0,2.0,4.0,4.0,5.0,2.0,2.0,1.0,5.0,4.0,4.0,5.0,4.0,2.0
101,126,1999,1,,15.0,10.0,"7,10",3.0,5.0,5.0,4.0,5.0,5.0,5.0,4.0,5.0,4.0,2.0,5.0,7.0,4.0,6.0,3.0,7.0,5.0,5.0,2.0,4.0,1.0,7.0,6.0,4.0,1.0,7.0,7.0,4.0,1.0,7.0,6.0,1.0,1.0,7.0,7.0,7.0,1.0
102,126,1995,1,,11.0,3.0,"10,19",4.0,5.0,5.0,5.0,5.0,5.0,4.0,5.0,5.0,3.0,4.0,5.0,6.0,2.0,7.0,4.0,6.0,6.0,6.0,1.0,5.0,1.0,5.0,6.0,7.0,1.0,5.0,7.0,7.0,1.0,5.0,5.0,2.0,1.0,6.0,7.0,5.0,1.0
103,126,1997,2,,12.0,3.0,"18,19",4.0,5.0,5.0,1.0,2.0,5.0,5.0,5.0,5.0,5.0,2.0,5.0,6.0,1.0,7.0,1.0,7.0,5.0,6.0,1.0,7.0,1.0,5.0,6.0,3.0,1.0,6.0,6.0,2.0,6.0,5.0,5.0,3.0,4.0,5.0,6.0,3.0,5.0
104,126,1976,1,,17.0,15.0,"10,14,19",4.0,1.0,1.0,1.0,1.0,1.0,1.0,1.0,1.0,1.0,1.0,1.0,,,,,,,,,,,,,,,,,,,,,,,,,,
105,164,1977,1,,14.0,18.5,3,4.0,5.0,5.0,4.0,5.0,5.0,2.0,5.0,5.0,4.0,3.0,5.0,7.0,3.0,6.0,2.0,7.0,1.0,3.0,1.0,6.0,1.0,7.0,6.0,6.0,1.0,6.0,7.0,7.0,1.0,6.0,6.0,4.0,1.0,7.0,7.0,7.0,1.0
106,126,1986,2,,6.0,7.0,16,2.0,5.0,4.0,5.0,4.0,5.0,5.0,5.0,5.0,3.0,4.0,5.0,,,,,,,,,,,,,,,,,,,,,,,,,,
107,14,1999,1,,17.0,0.0,,1.0,5.0,5.0,5.0,4.0,4.0,5.0,5.0,5.0,5.0,5.0,5.0,,6.0,7.0,6.0,6.0,7.0,7.0,1.0,6.0,5.0,7.0,7.0,3.0,5.0,6.0,6.0,4.0,2.0,5.0,6.0,1.0,4.0,6.0,6.0,6.0,2.0
108,78,1997,2,,17.0,5.0,"10,13",4.0,5.0,5.0,5.0,5.0,4.0,5.0,5.0,5.0,5.0,3.0,5.0,7.0,1.0,7.0,1.0,7.0,7.0,7.0,1.0,7.0,1.0,7.0,6.0,2.0,1.0,6.0,6.0,1.0,1.0,5.0,7.0,1.0,2.0,5.0,5.0,1.0,2.0
109,187,1997,1,,7.0,3.0,9,1.0,4.0,5.0,4.0,2.0,4.0,4.0,5.0,5.0,4.0,3.0,5.0,1.0,1.0,5.0,1.0,7.0,6.0,6.0,3.0,5.0,5.0,5.0,5.0,1.0,1.0,4.0,4.0,5.0,2.0,2.0,5.0,1.0,1.0,4.0,5.0,4.0,1.0
110,185,1998,2,,6.0,1.0,19,2.0,3.0,3.0,3.0,3.0,3.0,3.0,5.0,5.0,4.0,4.0,4.0,5.0,3.0,7.0,4.0,6.0,5.0,4.0,2.0,6.0,2.0,5.0,7.0,7.0,3.0,3.0,5.0,7.0,3.0,4.0,4.0,4.0,1.0,4.0,5.0,5.0,2.0
111,126,1980,1,,20.0,15.0,11,4.0,5.0,5.0,5.0,5.0,5.0,4.0,5.0,5.0,5.0,5.0,5.0,5.0,3.0,6.0,3.0,7.0,2.0,7.0,2.0,6.0,2.0,7.0,7.0,6.0,2.0,7.0,7.0,7.0,1.0,5.0,7.0,1.0,1.0,7.0,7.0,7.0,1.0
112,164,1992,2,,14.0,5.0,11,2.0,4.0,4.0,5.0,3.0,4.0,4.0,5.0,5.0,4.0,5.0,5.0,6.0,4.0,5.0,6.0,6.0,5.0,7.0,2.0,5.0,4.0,6.0,7.0,4.0,1.0,6.0,7.0,5.0,1.0,4.0,4.0,1.0,1.0,7.0,7.0,7.0,1.0
113,126,1990,1,,23.0,5.0,14,2.0,3.0,4.0,5.0,4.0,5.0,5.0,4.0,5.0,5.0,5.0,5.0,4.0,4.0,7.0,4.0,7.0,6.0,6.0,2.0,5.0,2.0,7.0,7.0,7.0,1.0,6.0,6.0,6.0,1.0,6.0,6.0,2.0,2.0,6.0,6.0,6.0,1.0
114,126,1996,2,,25.0,3.0,11,4.0,4.0,4.0,4.0,4.0,4.0,4.0,4.0,4.0,4.0,4.0,5.0,7.0,1.0,6.0,3.0,6.0,6.0,7.0,,2.0,3.0,4.0,7.0,7.0,1.0,4.0,6.0,7.0,2.0,5.0,5.0,6.0,2.0,5.0,5.0,6.0,4.0
115,126,2001,1,,11.0,0.0,,2.0,5.0,3.0,4.0,4.0,4.0,5.0,5.0,5.0,5.0,5.0,5.0,4.0,2.0,7.0,2.0,7.0,4.0,4.0,1.0,7.0,1.0,7.0,7.0,3.0,1.0,3.0,7.0,7.0,2.0,5.0,7.0,5.0,5.0,5.0,5.0,5.0,5.0
116,66,1992,1,,8.0,,11,4.0,5.0,5.0,4.0,5.0,5.0,5.0,5.0,5.0,5.0,3.0,5.0,6.0,4.0,6.0,3.0,7.0,4.0,5.0,1.0,6.0,1.0,7.0,7.0,4.0,1.0,6.0,7.0,6.0,1.0,5.0,7.0,1.0,1.0,7.0,7.0,7.0,2.0
117,130,1999,2,,17.0,,"10,14",4.0,5.0,5.0,4.0,3.0,4.0,5.0,5.0,5.0,5.0,3.0,5.0,6.0,3.0,7.0,2.0,6.0,3.0,7.0,1.0,7.0,4.0,5.0,7.0,5.0,2.0,6.0,7.0,4.0,1.0,5.0,6.0,1.0,1.0,5.0,6.0,4.0,1.0
118,118,1991,2,,24.0,5.0,"7,9",2.0,4.0,5.0,5.0,4.0,4.0,5.0,5.0,5.0,4.0,3.0,5.0,5.0,5.0,6.0,5.0,5.0,3.0,5.0,2.0,4.0,2.0,7.0,7.0,7.0,2.0,5.0,5.0,4.0,5.0,4.0,5.0,1.0,1.0,4.0,5.0,4.0,1.0
119,126,1994,1,,35.0,,"5,11,13",4.0,4.0,5.0,4.0,4.0,4.0,5.0,5.0,4.0,3.0,3.0,5.0,7.0,6.0,6.0,1.0,7.0,6.0,6.0,1.0,7.0,1.0,1.0,6.0,7.0,1.0,1.0,4.0,7.0,1.0,1.0,1.0,1.0,1.0,1.0,7.0,1.0,1.0
120,185,2000,1,,8.0,0.0,,2.0,4.0,4.0,4.0,4.0,2.0,4.0,5.0,5.0,4.0,2.0,4.0,6.0,4.0,5.0,3.0,5.0,3.0,5.0,5.0,5.0,2.0,5.0,6.0,2.0,1.0,5.0,6.0,1.0,2.0,5.0,7.0,1.0,1.0,5.0,6.0,1.0,2.0
121,185,2002,1,,17.0,3.0,"3,6",4.0,5.0,5.0,5.0,4.0,4.0,5.0,4.0,5.0,5.0,2.0,5.0,5.0,3.0,6.0,2.0,5.0,2.0,5.0,3.0,6.0,2.0,4.0,5.0,7.0,6.0,5.0,3.0,7.0,6.0,3.0,5.0,6.0,4.0,4.0,4.0,6.0,5.0
122,137,2001,1,,24.0,2.0,1,4.0,4.0,4.0,5.0,4.0,2.0,4.0,4.0,4.0,5.0,3.0,5.0,5.0,5.0,6.0,2.0,6.0,3.0,5.0,1.0,7.0,4.0,5.0,6.0,2.0,2.0,4.0,5.0,2.0,3.0,5.0,4.0,2.0,2.0,6.0,6.0,2.0,2.0
123,80,1982,1,,15.0,10.0,19,2.0,5.0,4.0,3.0,3.0,4.0,4.0,5.0,5.0,5.0,3.0,4.0,5.0,5.0,5.0,5.0,6.0,2.0,5.0,1.0,4.0,1.0,5.0,5.0,4.0,1.0,5.0,5.0,4.0,4.0,5.0,5.0,1.0,1.0,5.0,4.0,3.0,1.0
124,104,1992,1,,24.0,7.0,11,2.0,4.0,4.0,4.0,4.0,4.0,4.0,4.0,4.0,4.0,4.0,4.0,5.0,6.0,6.0,4.0,6.0,5.0,6.0,3.0,6.0,6.0,6.0,6.0,1.0,1.0,6.0,7.0,1.0,1.0,6.0,7.0,1.0,1.0,7.0,7.0,1.0,1.0
125,185,1987,1,,15.0,5.0,13,3.0,5.0,5.0,3.0,4.0,5.0,5.0,5.0,5.0,3.0,3.0,5.0,5.0,1.0,7.0,2.0,7.0,5.0,7.0,1.0,6.0,1.0,7.0,7.0,1.0,1.0,4.0,7.0,7.0,1.0,7.0,7.0,1.0,1.0,7.0,7.0,7.0,1.0
126,3,2002,2,,13.0,1.0,"3,8,19",2.0,5.0,5.0,4.0,4.0,4.0,4.0,5.0,5.0,5.0,3.0,5.0,3.0,4.0,5.0,2.0,6.0,5.0,5.0,1.0,3.0,2.0,6.0,4.0,1.0,1.0,4.0,6.0,2.0,2.0,4.0,5.0,2.0,1.0,4.0,5.0,2.0,2.0
127,185,1980,2,,11.0,26.0,"11,15,19",2.0,3.0,4.0,5.0,4.0,4.0,4.0,5.0,5.0,4.0,2.0,4.0,3.0,1.0,6.0,2.0,7.0,5.0,6.0,5.0,7.0,6.0,3.0,4.0,6.0,3.0,2.0,4.0,6.0,3.0,2.0,4.0,6.0,4.0,4.0,3.0,6.0,3.0
128,185,1984,2,,8.0,17.0,"13,17,19",4.0,4.0,4.0,4.0,4.0,4.0,3.0,5.0,5.0,4.0,3.0,5.0,6.0,1.0,7.0,4.0,6.0,3.0,6.0,1.0,7.0,4.0,6.0,5.0,5.0,1.0,5.0,5.0,4.0,1.0,6.0,3.0,4.0,1.0,6.0,6.0,4.0,1.0
129,185,1988,1,,,15.0,6,4.0,4.0,5.0,5.0,5.0,5.0,4.0,5.0,4.0,5.0,5.0,5.0,7.0,5.0,5.0,3.0,7.0,1.0,4.0,4.0,5.0,2.0,6.0,5.0,4.0,3.0,6.0,7.0,1.0,2.0,4.0,5.0,2.0,2.0,6.0,6.0,2.0,2.0
130,36,2001,1,,17.0,0.0,19,1.0,4.0,5.0,4.0,4.0,4.0,3.0,4.0,3.0,4.0,4.0,4.0,3.0,1.0,6.0,5.0,4.0,5.0,6.0,2.0,6.0,2.0,5.0,5.0,5.0,4.0,5.0,5.0,6.0,6.0,6.0,5.0,5.0,4.0,6.0,6.0,6.0,4.0
131,156,1988,2,,8.0,12.0,"9,11",4.0,4.0,3.0,3.0,2.0,2.0,4.0,3.0,4.0,5.0,1.0,5.0,5.0,2.0,7.0,1.0,7.0,2.0,6.0,2.0,5.0,3.0,5.0,7.0,2.0,1.0,5.0,6.0,1.0,4.0,5.0,7.0,1.0,1.0,5.0,4.0,1.0,1.0
132,78,1990,1,,17.0,12.0,"11,19",4.0,5.0,5.0,5.0,5.0,5.0,5.0,5.0,4.0,4.0,4.0,5.0,7.0,3.0,7.0,3.0,7.0,3.0,5.0,1.0,6.0,2.0,7.0,7.0,4.0,2.0,5.0,5.0,5.0,2.0,4.0,2.0,4.0,3.0,5.0,5.0,5.0,4.0
133,136,1984,1,,24.0,16.0,"3,4,11",4.0,3.0,4.0,4.0,3.0,5.0,2.0,4.0,3.0,5.0,3.0,3.0,6.0,3.0,6.0,4.0,7.0,1.0,6.0,4.0,4.0,2.0,5.0,7.0,5.0,6.0,7.0,7.0,7.0,1.0,7.0,7.0,,1.0,6.0,6.0,7.0,1.0
134,179,1982,1,,17.0,4.0,"10,19",3.0,3.0,4.0,4.0,4.0,4.0,3.0,4.0,3.0,3.0,2.0,4.0,3.0,6.0,6.0,4.0,6.0,4.0,4.0,2.0,5.0,3.0,5.0,5.0,5.0,3.0,5.0,6.0,3.0,3.0,5.0,3.0,5.0,4.0,5.0,5.0,5.0,3.0
135,192,1995,1,,,6.0,"3,7",4.0,5.0,5.0,4.0,3.0,4.0,4.0,4.0,5.0,4.0,4.0,4.0,1.0,5.0,6.0,2.0,6.0,7.0,6.0,2.0,4.0,2.0,5.0,6.0,7.0,2.0,4.0,5.0,6.0,2.0,4.0,3.0,4.0,3.0,5.0,5.0,6.0,3.0
136,185,1974,1,,17.0,,"9,10,11,13",4.0,5.0,5.0,,4.0,4.0,4.0,5.0,5.0,5.0,4.0,4.0,4.0,1.0,7.0,1.0,7.0,2.0,7.0,2.0,7.0,3.0,6.0,4.0,7.0,6.0,4.0,4.0,4.0,5.0,4.0,4.0,7.0,4.0,4.0,4.0,4.0,4.0
137,126,1991,2,,24.0,3.0,"7,14,16,19",2.0,5.0,2.0,5.0,5.0,5.0,4.0,5.0,5.0,4.0,4.0,5.0,7.0,1.0,7.0,1.0,7.0,7.0,7.0,1.0,7.0,1.0,6.0,6.0,1.0,1.0,6.0,6.0,6.0,1.0,6.0,7.0,1.0,1.0,6.0,7.0,6.0,1.0
138,116,2001,1,,17.0,1.0,"8,16",3.0,4.0,5.0,4.0,3.0,2.0,4.0,5.0,5.0,4.0,4.0,5.0,4.0,6.0,6.0,4.0,6.0,6.0,5.0,4.0,6.0,2.0,7.0,7.0,1.0,1.0,6.0,6.0,4.0,1.0,7.0,7.0,1.0,1.0,7.0,7.0,5.0,1.0
139,126,2000,1,,6.0,1.0,19,2.0,4.0,5.0,5.0,5.0,5.0,5.0,5.0,5.0,5.0,5.0,5.0,5.0,1.0,6.0,3.0,7.0,6.0,6.0,1.0,7.0,1.0,6.0,4.0,5.0,1.0,6.0,6.0,6.0,1.0,5.0,7.0,1.0,1.0,6.0,5.0,5.0,1.0
140,185,1988,2,,8.0,15.0,"7,11,14,15,16",4.0,4.0,4.0,4.0,4.0,3.0,4.0,4.0,4.0,5.0,2.0,4.0,6.0,4.0,5.0,5.0,6.0,2.0,5.0,4.0,3.0,3.0,5.0,5.0,7.0,4.0,3.0,5.0,7.0,4.0,3.0,1.0,7.0,4.0,4.0,4.0,7.0,2.0
141,36,2001,1,,17.0,0.0,,1.0,3.0,3.0,3.0,3.0,3.0,3.0,3.0,3.0,3.0,3.0,3.0,1.0,1.0,1.0,7.0,1.0,7.0,1.0,7.0,7.0,7.0,4.0,4.0,4.0,4.0,4.0,4.0,4.0,4.0,4.0,4.0,4.0,4.0,4.0,4.0,4.0,4.0
142,87,1994,2,,8.0,6.0,"14,17",2.0,4.0,5.0,4.0,3.0,3.0,4.0,5.0,5.0,4.0,3.0,5.0,5.0,5.0,4.0,5.0,6.0,3.0,6.0,4.0,5.0,1.0,4.0,4.0,7.0,1.0,5.0,6.0,7.0,3.0,4.0,1.0,7.0,1.0,5.0,6.0,7.0,1.0
143,185,1990,1,,4.0,,"8,11",3.0,3.0,5.0,4.0,3.0,4.0,3.0,5.0,4.0,3.0,3.0,5.0,2.0,1.0,7.0,3.0,7.0,4.0,7.0,1.0,7.0,1.0,5.0,4.0,6.0,1.0,4.0,4.0,7.0,2.0,4.0,1.0,6.0,1.0,5.0,4.0,6.0,1.0
144,14,1995,2,,24.0,3.0,"10,11,19",2.0,5.0,5.0,5.0,4.0,5.0,4.0,5.0,4.0,4.0,3.0,5.0,5.0,3.0,,6.0,7.0,1.0,7.0,1.0,7.0,5.0,7.0,7.0,1.0,1.0,7.0,7.0,1.0,1.0,7.0,6.0,2.0,1.0,7.0,7.0,1.0,2.0
145,185,2002,1,,28.0,5.0,"7,9",2.0,4.0,5.0,4.0,3.0,4.0,4.0,4.0,4.0,4.0,3.0,5.0,4.0,2.0,5.0,2.0,5.0,3.0,4.0,2.0,6.0,3.0,4.0,5.0,6.0,3.0,5.0,5.0,5.0,2.0,4.0,3.0,2.0,2.0,4.0,4.0,3.0,2.0
146,185,1979,2,,30.0,6.0,13,3.0,3.0,5.0,4.0,4.0,4.0,4.0,4.0,4.0,4.0,3.0,4.0,2.0,2.0,6.0,2.0,7.0,6.0,7.0,1.0,6.0,2.0,4.0,5.0,5.0,6.0,2.0,6.0,6.0,2.0,2.0,6.0,6.0,2.0,4.0,7.0,7.0,2.0
147,185,1983,1,,14.0,13.0,16,4.0,4.0,4.0,4.0,4.0,4.0,3.0,4.0,4.0,3.0,3.0,5.0,4.0,5.0,6.0,5.0,5.0,4.0,6.0,4.0,5.0,4.0,3.0,4.0,7.0,1.0,4.0,4.0,7.0,3.0,3.0,3.0,7.0,3.0,3.0,4.0,7.0,1.0
148,164,1983,1,,15.0,15.0,4,4.0,5.0,5.0,5.0,5.0,5.0,2.0,4.0,4.0,3.0,3.0,5.0,7.0,5.0,7.0,2.0,7.0,4.0,5.0,1.0,6.0,2.0,6.0,7.0,5.0,,6.0,7.0,7.0,5.0,7.0,5.0,2.0,2.0,7.0,7.0,7.0,2.0
149,164,1993,1,,24.0,9.0,11,3.0,5.0,5.0,5.0,5.0,5.0,5.0,4.0,5.0,5.0,5.0,5.0,6.0,6.0,6.0,4.0,7.0,3.0,5.0,1.0,5.0,2.0,5.0,6.0,2.0,2.0,4.0,6.0,4.0,1.0,4.0,4.0,2.0,2.0,6.0,6.0,4.0,2.0
150,185,2000,1,,14.0,1.0,"9,14",1.0,4.0,5.0,4.0,4.0,5.0,4.0,4.0,4.0,5.0,3.0,5.0,2.0,6.0,5.0,4.0,6.0,5.0,4.0,2.0,6.0,4.0,5.0,6.0,5.0,1.0,2.0,7.0,1.0,1.0,2.0,1.0,1.0,1.0,2.0,6.0,1.0,1.0
151,185,1996,1,,8.0,5.0,13,4.0,4.0,4.0,4.0,4.0,3.0,3.0,5.0,5.0,4.0,3.0,5.0,3.0,1.0,7.0,4.0,6.0,6.0,7.0,1.0,7.0,4.0,3.0,3.0,7.0,1.0,3.0,4.0,7.0,4.0,3.0,1.0,7.0,4.0,3.0,4.0,6.0,2.0
152,14,1999,1,,15.0,2.0,16,3.0,3.0,4.0,4.0,4.0,4.0,3.0,5.0,5.0,3.0,3.0,5.0,5.0,2.0,6.0,3.0,7.0,7.0,2.0,2.0,7.0,7.0,7.0,7.0,7.0,7.0,7.0,7.0,7.0,2.0,3.0,6.0,4.0,1.0,2.0,7.0,7.0,1.0
153,126,1976,2,,33.0,,11,2.0,5.0,5.0,4.0,5.0,5.0,3.0,5.0,5.0,4.0,3.0,5.0,6.0,1.0,,5.0,7.0,3.0,7.0,1.0,7.0,5.0,5.0,6.0,4.0,1.0,5.0,5.0,4.0,1.0,5.0,4.0,1.0,1.0,5.0,6.0,4.0,1.0
154,130,1998,1,,17.0,4.0,"10,16",4.0,5.0,5.0,5.0,5.0,4.0,5.0,5.0,5.0,5.0,3.0,5.0,5.0,2.0,6.0,2.0,7.0,4.0,6.0,1.0,6.0,1.0,5.0,6.0,4.0,1.0,4.0,4.0,4.0,1.0,6.0,6.0,1.0,1.0,5.0,5.0,4.0,2.0
155,179,1969,2,,30.0,30.0,"11,16",4.0,5.0,5.0,5.0,4.0,4.0,4.0,5.0,5.0,4.0,4.0,5.0,6.0,7.0,7.0,4.0,7.0,6.0,6.0,1.0,,1.0,7.0,7.0,4.0,1.0,7.0,7.0,4.0,1.0,4.0,4.0,1.0,1.0,7.0,7.0,4.0,1.0
156,164,2001,1,,24.0,1.0,3,2.0,5.0,4.0,4.0,4.0,5.0,4.0,5.0,4.0,3.0,4.0,4.0,7.0,6.0,7.0,4.0,7.0,5.0,6.0,3.0,6.0,1.0,6.0,6.0,4.0,2.0,5.0,6.0,5.0,3.0,5.0,5.0,3.0,3.0,6.0,6.0,3.0,3.0
157,164,1986,1,,24.0,,"11,14",3.0,5.0,5.0,5.0,5.0,2.0,2.0,5.0,5.0,5.0,2.0,5.0,4.0,4.0,7.0,1.0,7.0,1.0,1.0,1.0,7.0,1.0,7.0,7.0,1.0,1.0,3.0,5.0,1.0,1.0,5.0,2.0,1.0,1.0,5.0,7.0,1.0,2.0
158,78,1995,1,,15.0,5.0,10,2.0,5.0,5.0,4.0,5.0,4.0,5.0,4.0,4.0,4.0,4.0,5.0,7.0,2.0,3.0,4.0,7.0,5.0,4.0,1.0,7.0,1.0,6.0,6.0,2.0,1.0,5.0,7.0,4.0,2.0,7.0,7.0,1.0,1.0,6.0,7.0,7.0,1.0
159,30,1991,2,,24.0,2.0,19,2.0,5.0,5.0,,,5.0,5.0,,,,,,7.0,,,,,,,,,,,,,,,,,,,,,,,,,
160,185,2001,1,,14.0,0.0,,3.0,5.0,5.0,4.0,5.0,5.0,4.0,5.0,5.0,3.0,3.0,5.0,6.0,7.0,6.0,4.0,7.0,5.0,6.0,4.0,6.0,4.0,6.0,4.0,4.0,1.0,5.0,6.0,4.0,1.0,5.0,6.0,1.0,1.0,6.0,6.0,1.0,1.0
161,53,2000,1,,17.0,0.0,"3,19",4.0,4.0,4.0,4.0,3.0,4.0,5.0,5.0,5.0,5.0,4.0,5.0,6.0,6.0,7.0,4.0,7.0,4.0,4.0,2.0,6.0,1.0,6.0,5.0,7.0,6.0,4.0,5.0,7.0,3.0,4.0,2.0,6.0,3.0,4.0,6.0,6.0,5.0
162,118,1995,1,,17.0,5.0,10,3.0,5.0,5.0,4.0,4.0,5.0,4.0,5.0,5.0,5.0,5.0,5.0,4.0,3.0,7.0,3.0,7.0,6.0,7.0,2.0,6.0,1.0,7.0,7.0,4.0,1.0,6.0,7.0,,1.0,6.0,7.0,1.0,1.0,7.0,7.0,6.0,1.0
163,185,1991,1,,21.0,10.0,"10,16,19",3.0,5.0,5.0,4.0,4.0,4.0,3.0,5.0,4.0,4.0,3.0,5.0,6.0,1.0,5.0,2.0,7.0,4.0,5.0,1.0,6.0,3.0,5.0,6.0,5.0,2.0,5.0,6.0,4.0,4.0,5.0,4.0,4.0,2.0,5.0,5.0,4.0,3.0
164,164,1994,1,,17.0,6.0,10,2.0,5.0,5.0,5.0,5.0,5.0,5.0,5.0,5.0,5.0,5.0,5.0,7.0,4.0,7.0,1.0,7.0,4.0,7.0,1.0,7.0,2.0,7.0,5.0,1.0,1.0,7.0,7.0,1.0,3.0,7.0,5.0,1.0,1.0,7.0,7.0,1.0,3.0
165,179,1984,1,,24.0,9.0,"8,10",2.0,4.0,5.0,4.0,3.0,4.0,4.0,5.0,5.0,5.0,4.0,4.0,4.0,1.0,6.0,5.0,6.0,4.0,7.0,1.0,6.0,5.0,7.0,7.0,3.0,1.0,7.0,7.0,3.0,1.0,7.0,7.0,1.0,1.0,7.0,7.0,1.0,1.0
166,104,1998,2,,24.0,2.5,11,4.0,5.0,5.0,5.0,5.0,5.0,5.0,5.0,5.0,5.0,5.0,5.0,7.0,1.0,7.0,1.0,7.0,1.0,7.0,1.0,7.0,1.0,7.0,7.0,4.0,4.0,4.0,7.0,4.0,4.0,7.0,7.0,4.0,4.0,7.0,7.0,4.0,4.0
167,130,1995,1,,15.0,3.0,10,2.0,4.0,3.0,3.0,3.0,4.0,4.0,4.0,5.0,3.0,4.0,5.0,6.0,6.0,,1.0,6.0,3.0,6.0,1.0,6.0,1.0,6.0,6.0,6.0,1.0,6.0,6.0,2.0,2.0,6.0,6.0,2.0,2.0,6.0,6.0,2.0,1.0
168,185,2001,2,,24.0,3.0,"9,14",3.0,4.0,5.0,4.0,3.0,3.0,4.0,4.0,4.0,4.0,3.0,4.0,4.0,5.0,6.0,6.0,4.0,5.0,6.0,5.0,4.0,5.0,,,,,,,,,,,,,,,,
169,168,1977,1,,19.0,20.0,"9,10,13,14,18,19",4.0,2.0,2.0,2.0,2.0,3.0,4.0,4.0,4.0,5.0,3.0,4.0,2.0,3.0,6.0,5.0,6.0,7.0,6.0,4.0,5.0,4.0,4.0,4.0,7.0,5.0,4.0,5.0,7.0,3.0,4.0,4.0,7.0,4.0,5.0,5.0,7.0,3.0
170,130,1987,1,,17.0,10.0,"10,11,12,16",3.0,2.0,5.0,4.0,2.0,3.0,4.0,4.0,4.0,3.0,4.0,5.0,3.0,3.0,3.0,3.0,5.0,6.0,5.0,3.0,2.0,3.0,6.0,5.0,7.0,1.0,4.0,5.0,5.0,1.0,6.0,4.0,4.0,4.0,2.0,5.0,5.0,2.0
171,78,2001,1,,15.0,0.0,,4.0,4.0,5.0,5.0,3.0,4.0,4.0,5.0,5.0,4.0,4.0,5.0,7.0,6.0,7.0,3.0,6.0,4.0,5.0,1.0,5.0,2.0,6.0,7.0,7.0,1.0,4.0,6.0,7.0,1.0,4.0,4.0,6.0,1.0,5.0,7.0,7.0,1.0
172,126,2001,1,,35.0,1.0,5,2.0,4.0,4.0,4.0,3.0,4.0,3.0,3.0,4.0,4.0,4.0,4.0,3.0,2.0,5.0,2.0,5.0,6.0,4.0,5.0,6.0,4.0,6.0,4.0,7.0,3.0,5.0,5.0,5.0,2.0,5.0,4.0,4.0,3.0,5.0,5.0,6.0,3.0
173,192,1998,1,,17.0,2.0,13,2.0,4.0,5.0,5.0,4.0,5.0,4.0,5.0,5.0,4.0,3.0,4.0,6.0,6.0,6.0,4.0,5.0,6.0,5.0,1.0,6.0,3.0,7.0,4.0,4.0,1.0,3.0,6.0,7.0,1.0,3.0,4.0,1.0,1.0,6.0,7.0,7.0,1.0
174,36,2002,1,,17.0,0.0,,1.0,3.0,3.0,3.0,3.0,3.0,3.0,3.0,3.0,3.0,3.0,3.0,1.0,1.0,7.0,1.0,1.0,7.0,7.0,7.0,7.0,7.0,4.0,4.0,4.0,4.0,4.0,4.0,7.0,4.0,4.0,4.0,4.0,4.0,4.0,4.0,4.0,4.0
175,126,1996,2,,24.0,,11,2.0,4.0,5.0,5.0,4.0,4.0,3.0,5.0,4.0,4.0,5.0,4.0,6.0,4.0,7.0,5.0,6.0,4.0,7.0,3.0,7.0,2.0,6.0,7.0,7.0,1.0,6.0,7.0,7.0,4.0,6.0,6.0,4.0,4.0,7.0,7.0,6.0,2.0
176,126,1980,2,,14.0,16.0,11,4.0,5.0,5.0,5.0,3.0,5.0,5.0,5.0,5.0,5.0,5.0,5.0,7.0,4.0,7.0,5.0,6.0,7.0,4.0,4.0,6.0,3.0,6.0,1.0,7.0,6.0,6.0,6.0,6.0,4.0,4.0,4.0,4.0,1.0,6.0,6.0,6.0,6.0
177,126,2001,2,,24.0,1.7,"11,14",2.0,5.0,4.0,4.0,4.0,5.0,5.0,5.0,5.0,4.0,3.0,4.0,4.0,1.0,6.0,1.0,7.0,7.0,7.0,1.0,6.0,3.0,6.0,6.0,7.0,1.0,5.0,6.0,6.0,1.0,5.0,4.0,4.0,1.0,5.0,6.0,6.0,1.0
178,9,1977,2,,23.0,,"10,16,18,19",2.0,4.0,3.0,4.0,4.0,4.0,4.0,4.0,4.0,4.0,2.0,4.0,3.0,3.0,6.0,2.0,6.0,4.0,5.0,3.0,6.0,2.0,6.0,6.0,7.0,1.0,4.0,6.0,7.0,1.0,5.0,1.0,7.0,1.0,4.0,7.0,7.0,1.0
179,185,2001,1,,17.0,5.0,7,4.0,2.0,2.0,2.0,2.0,3.0,5.0,4.0,4.0,4.0,3.0,4.0,2.0,5.0,7.0,1.0,5.0,5.0,6.0,2.0,7.0,3.0,1.0,2.0,7.0,6.0,1.0,2.0,7.0,6.0,1.0,1.0,7.0,6.0,1.0,1.0,7.0,5.0
180,78,2000,1,,15.0,1.0,14,3.0,5.0,5.0,5.0,4.0,5.0,4.0,5.0,5.0,4.0,5.0,5.0,6.0,4.0,5.0,2.0,7.0,6.0,4.0,1.0,6.0,2.0,6.0,7.0,5.0,1.0,3.0,7.0,6.0,1.0,5.0,7.0,1.0,1.0,6.0,6.0,7.0,1.0
181,126,1976,2,,24.0,,"10,11",4.0,4.0,4.0,4.0,4.0,3.0,4.0,5.0,5.0,4.0,3.0,4.0,6.0,3.0,6.0,4.0,6.0,1.0,6.0,3.0,4.0,3.0,5.0,5.0,5.0,1.0,5.0,5.0,3.0,2.0,6.0,2.0,2.0,2.0,5.0,5.0,2.0,2.0
182,164,2000,2,,24.0,2.0,11,4.0,5.0,5.0,5.0,4.0,4.0,4.0,4.0,4.0,4.0,3.0,5.0,4.0,3.0,7.0,6.0,7.0,5.0,6.0,2.0,3.0,5.0,6.0,7.0,4.0,1.0,5.0,6.0,6.0,2.0,5.0,7.0,2.0,2.0,6.0,6.0,6.0,2.0
183,192,1997,2,,24.0,4.0,"11,19",2.0,4.0,5.0,,3.0,4.0,4.0,4.0,5.0,5.0,4.0,4.0,3.0,2.0,5.0,1.0,7.0,4.0,5.0,1.0,3.0,2.0,4.0,5.0,5.0,2.0,4.0,5.0,5.0,1.0,4.0,1.0,4.0,4.0,4.0,4.0,3.0,2.0
184,172,2001,1,,24.0,0.0,,2.0,4.0,5.0,5.0,5.0,5.0,4.0,4.0,4.0,4.0,4.0,5.0,3.0,5.0,6.0,1.0,6.0,4.0,7.0,1.0,5.0,3.0,7.0,5.0,4.0,2.0,7.0,7.0,5.0,2.0,6.0,5.0,1.0,1.0,5.0,5.0,3.0,1.0
185,185,2001,1,,8.0,1.0,19,2.0,4.0,4.0,4.0,3.0,4.0,4.0,4.0,4.0,4.0,4.0,4.0,5.0,5.0,6.0,4.0,5.0,5.0,5.0,2.0,5.0,5.0,5.0,5.0,5.0,2.0,5.0,5.0,5.0,2.0,5.0,5.0,5.0,2.0,5.0,5.0,5.0,2.0
186,80,1995,2,,15.0,6.0,13,3.0,4.0,4.0,5.0,4.0,2.0,5.0,5.0,5.0,4.0,3.0,5.0,7.0,6.0,7.0,3.0,7.0,3.0,6.0,3.0,4.0,1.0,6.0,7.0,5.0,1.0,6.0,7.0,5.0,2.0,4.0,7.0,1.0,1.0,7.0,7.0,4.0,1.0
187,185,1997,2,,14.0,10.0,"14,16,18",2.0,4.0,4.0,5.0,3.0,4.0,3.0,5.0,4.0,4.0,2.0,4.0,5.0,2.0,6.0,1.0,6.0,5.0,6.0,2.0,7.0,3.0,6.0,6.0,6.0,2.0,4.0,5.0,4.0,2.0,5.0,5.0,2.0,2.0,5.0,6.0,3.0,1.0
188,53,1986,1,,15.0,10.0,6,2.0,4.0,4.0,4.0,4.0,4.0,5.0,4.0,4.0,5.0,4.0,5.0,5.0,3.0,7.0,2.0,4.0,7.0,5.0,5.0,5.0,6.0,6.0,6.0,7.0,2.0,4.0,6.0,7.0,3.0,4.0,5.0,4.0,2.0,5.0,6.0,7.0,4.0
189,164,1987,2,,15.0,7.0,"13,14",2.0,5.0,4.0,5.0,2.0,4.0,3.0,5.0,5.0,4.0,5.0,5.0,7.0,1.0,6.0,1.0,7.0,2.0,1.0,1.0,5.0,1.0,7.0,6.0,7.0,4.0,6.0,6.0,7.0,6.0,1.0,1.0,1.0,1.0,7.0,7.0,7.0,2.0
190,3,1996,1,,,1.0,6,2.0,5.0,5.0,5.0,5.0,5.0,5.0,4.0,4.0,4.0,4.0,4.0,5.0,5.0,6.0,2.0,5.0,6.0,6.0,3.0,7.0,3.0,7.0,7.0,5.0,1.0,6.0,6.0,6.0,1.0,6.0,6.0,1.0,1.0,6.0,6.0,6.0,1.0
191,164,1996,2,,24.0,2.0,11,4.0,5.0,5.0,4.0,4.0,4.0,4.0,5.0,4.0,3.0,3.0,4.0,5.0,4.0,6.0,3.0,5.0,3.0,6.0,2.0,6.0,2.0,5.0,4.0,4.0,1.0,5.0,5.0,2.0,2.0,6.0,4.0,1.0,3.0,4.0,6.0,4.0,3.0
192,80,1988,1,,15.0,7.0,"4,6,12",3.0,5.0,5.0,5.0,5.0,5.0,5.0,5.0,5.0,5.0,5.0,5.0,7.0,,7.0,6.0,7.0,,7.0,1.0,7.0,,6.0,6.0,7.0,6.0,7.0,7.0,6.0,,,6.0,,,6.0,7.0,6.0,
193,164,1996,2,,14.0,1.0,3,2.0,4.0,5.0,4.0,5.0,3.0,5.0,3.0,4.0,2.0,4.0,4.0,5.0,4.0,5.0,7.0,5.0,7.0,5.0,2.0,5.0,1.0,3.0,6.0,7.0,1.0,4.0,4.0,7.0,1.0,4.0,1.0,4.0,1.0,4.0,6.0,2.0,1.0
194,78,1996,1,,24.0,,6,2.0,4.0,5.0,3.0,3.0,2.0,4.0,5.0,5.0,3.0,5.0,5.0,6.0,1.0,7.0,1.0,7.0,6.0,5.0,2.0,6.0,2.0,6.0,6.0,1.0,1.0,6.0,7.0,7.0,1.0,6.0,7.0,1.0,1.0,6.0,7.0,1.0,1.0
195,78,1997,1,,15.0,2.7,"12,19",2.0,5.0,5.0,5.0,4.0,4.0,5.0,5.0,5.0,3.0,4.0,5.0,6.0,2.0,7.0,2.0,7.0,3.0,4.0,1.0,6.0,1.0,7.0,7.0,4.0,1.0,5.0,6.0,6.0,1.0,7.0,7.0,1.0,1.0,5.0,7.0,7.0,1.0
196,126,1991,1,,17.0,5.0,"3,7,9,19",2.0,5.0,5.0,5.0,5.0,5.0,5.0,5.0,5.0,4.0,5.0,5.0,6.0,1.0,6.0,1.0,7.0,5.0,6.0,1.0,7.0,2.0,7.0,7.0,3.0,2.0,6.0,7.0,6.0,1.0,7.0,7.0,1.0,1.0,7.0,7.0,6.0,1.0
197,126,1997,2,,20.0,2.0,14,2.0,5.0,5.0,5.0,4.0,5.0,4.0,5.0,5.0,4.0,5.0,5.0,7.0,,7.0,1.0,7.0,5.0,6.0,1.0,4.0,2.0,7.0,7.0,6.0,1.0,7.0,7.0,6.0,1.0,7.0,4.0,4.0,1.0,7.0,7.0,1.0,1.0
198,185,2000,2,,8.0,2.5,"7,9",2.0,2.0,5.0,2.0,3.0,5.0,5.0,5.0,5.0,5.0,5.0,5.0,5.0,6.0,7.0,7.0,7.0,5.0,7.0,2.0,6.0,3.0,5.0,7.0,4.0,4.0,4.0,5.0,7.0,5.0,2.0,1.0,6.0,4.0,1.0,4.0,7.0,5.0
199,104,2000,2,,24.0,,11,2.0,4.0,4.0,4.0,4.0,4.0,4.0,4.0,4.0,4.0,4.0,4.0,4.0,4.0,5.0,4.0,5.0,5.0,5.0,4.0,5.0,4.0,5.0,5.0,5.0,3.0,5.0,5.0,5.0,5.0,5.0,5.0,4.0,2.0,5.0,5.0,5.0,5.0
200,185,2001,2,,20.0,,11,3.0,4.0,4.0,4.0,4.0,5.0,3.0,5.0,5.0,4.0,3.0,5.0,3.0,2.0,5.0,4.0,5.0,6.0,5.0,1.0,6.0,3.0,4.0,6.0,7.0,1.0,5.0,5.0,6.0,1.0,5.0,6.0,5.0,3.0,3.0,4.0,3.0,3.0
201,36,2002,1,,17.0,0.0,,1.0,2.0,2.0,2.0,3.0,4.0,3.0,4.0,3.0,2.0,3.0,4.0,2.0,2.0,2.0,2.0,2.0,4.0,3.0,2.0,5.0,5.0,7.0,,,,,,,,,,,,,,,
202,80,1992,2,,15.0,6.0,13,4.0,1.0,1.0,1.0,2.0,2.0,2.0,3.0,1.0,1.0,1.0,1.0,5.0,3.0,1.0,1.0,7.0,2.0,5.0,1.0,7.0,2.0,6.0,4.0,2.0,2.0,7.0,7.0,1.0,1.0,7.0,1.0,1.0,1.0,7.0,7.0,2.0,2.0
203,130,1994,1,,15.0,4.0,19,2.0,1.0,1.0,5.0,5.0,5.0,4.0,5.0,5.0,5.0,5.0,5.0,7.0,1.0,7.0,1.0,7.0,2.0,7.0,1.0,7.0,1.0,7.0,7.0,7.0,1.0,7.0,7.0,7.0,1.0,3.0,7.0,1.0,1.0,7.0,7.0,7.0,1.0
204,78,1999,1,,15.0,1.0,"1,16",2.0,5.0,5.0,4.0,4.0,4.0,5.0,4.0,4.0,5.0,4.0,5.0,6.0,4.0,5.0,3.0,6.0,5.0,3.0,3.0,6.0,2.0,6.0,7.0,6.0,2.0,6.0,7.0,6.0,2.0,6.0,4.0,1.0,1.0,7.0,7.0,7.0,2.0
205,118,2001,2,,24.0,2.0,"11,14",3.0,4.0,4.0,4.0,4.0,4.0,2.0,4.0,4.0,4.0,2.0,4.0,3.0,6.0,5.0,6.0,6.0,3.0,5.0,5.0,2.0,4.0,5.0,4.0,7.0,3.0,3.0,4.0,6.0,3.0,3.0,4.0,6.0,2.0,4.0,3.0,6.0,3.0
206,179,1999,2,,15.0,1.0,"6,7",3.0,5.0,5.0,1.0,4.0,4.0,4.0,5.0,4.0,5.0,4.0,5.0,6.0,6.0,7.0,4.0,6.0,3.0,6.0,1.0,5.0,3.0,6.0,6.0,6.0,1.0,6.0,6.0,5.0,3.0,5.0,5.0,4.0,1.0,6.0,6.0,4.0,2.0
207,126,1994,1,,20.0,3.0,10,4.0,5.0,5.0,5.0,5.0,5.0,3.0,5.0,3.0,3.0,3.0,5.0,7.0,3.0,4.0,1.0,7.0,1.0,6.0,2.0,7.0,1.0,5.0,6.0,7.0,1.0,1.0,6.0,7.0,1.0,1.0,5.0,5.0,1.0,5.0,5.0,7.0,1.0
208,78,1992,1,,25.0,10.0,"11,17",4.0,5.0,5.0,5.0,3.0,4.0,5.0,5.0,5.0,5.0,5.0,5.0,7.0,1.0,4.0,2.0,7.0,1.0,6.0,1.0,7.0,1.0,6.0,1.0,7.0,1.0,6.0,7.0,7.0,6.0,7.0,5.0,1.0,1.0,6.0,7.0,5.0,1.0
209,14,1996,2,,24.0,4.0,11,3.0,4.0,4.0,4.0,4.0,4.0,5.0,5.0,5.0,5.0,3.0,5.0,7.0,1.0,7.0,3.0,7.0,1.0,7.0,1.0,6.0,2.0,6.0,6.0,2.0,2.0,2.0,6.0,2.0,2.0,4.0,6.0,1.0,2.0,5.0,7.0,7.0,1.0
210,164,1996,2,,17.0,1.0,13,2.0,2.0,2.0,2.0,2.0,2.0,2.0,2.0,2.0,2.0,3.0,2.0,6.0,1.0,6.0,1.0,6.0,4.0,5.0,2.0,6.0,3.0,3.0,3.0,3.0,3.0,3.0,3.0,3.0,3.0,3.0,3.0,3.0,3.0,3.0,3.0,3.0,3.0
211,118,1998,2,,17.0,1.0,19,3.0,5.0,5.0,4.0,4.0,5.0,5.0,5.0,5.0,5.0,5.0,5.0,7.0,1.0,6.0,1.0,6.0,5.0,7.0,2.0,6.0,2.0,7.0,6.0,3.0,2.0,6.0,7.0,7.0,1.0,6.0,7.0,1.0,1.0,6.0,7.0,6.0,1.0
212,187,2001,1,,17.0,2.0,"10,11,17,19",4.0,4.0,4.0,4.0,4.0,4.0,4.0,4.0,5.0,5.0,3.0,5.0,6.0,5.0,7.0,1.0,7.0,6.0,6.0,2.0,7.0,1.0,6.0,6.0,1.0,1.0,4.0,6.0,1.0,1.0,4.0,7.0,1.0,1.0,5.0,7.0,5.0,1.0
