ID,List of Countries,"What is your year of birth (Just the year, e.g. 1995) ?",How do you describe yourself? - Selected Choice,How do you describe yourself? - Prefer to self-describe - Text,What is your first degree subject area?,How many years work experience do you have?,What sectors have you worked in?,Previous experiences of team working in study and work,"Based on experience or feeling, my expectations for this module are that: - I will enjoy working in the team","Based on experience or feeling, my expectations for this module are that: - Team communication will be highly effective","Based on experience or feeling, my expectations for this module are that: - Team communication will be very frequent","Based on experience or feeling, my expectations for this module are that: - My team will bond personally as well as professionally","Based on experience or feeling, my expectations for this module are that: - We will collaborate together on the same tasks","Based on experience or feeling, my expectations for this module are that: - We will tend to work on separate tasks and link them together later on","Based on experience or feeling, my expectations for this module are that: - I will develop my professional skills as a result of the team project","Based on experience or feeling, my expectations for this module are that: - I will develop my team working skills and my approach to collaboration as a result of the team project","Based on experience or feeling, my expectations for this module are that: - We will adjust the project regularly as we go along","Based on experience or feeling, my expectations for this module are that: - We will stick to our original project plan","Based on experience or feeling, my expectations for this module are that: - We will produce an end result which we are proud of","I see myself as... - Extraverted, enthusiastic","I see myself as... - Critical, quarrelsome","I see myself as... - Dependable, self-disciplined","I see myself as... - Anxious, easily upset","I see myself as... - Open to a new experiences, complex","I see myself as... - Reserved, quiet","I see myself as... - Sympathetic, warm","I see myself as... - Disorganised, careless","I see myself as... - Calm, emotionally stable","I see myself as... - Conventional, uncreative","Why are you doing this module? 
Score by the extent to which the statement corresponds with how you feel about it - 1. Because I think that this module is interesting","Why are you doing this module? 
Score by the extent to which the statement corresponds with how you feel about it - 2. Because I am doing it for my own good","Why are you doing this module? 
Score by the extent to which the statement corresponds with how you feel about it - 3. Because I am supposed to do it","Why are you doing this module? 
Score by the extent to which the statement corresponds with how you feel about it - 4. There may be good reasons to do this module, but personally I don’t see any","Why are you doing this module? 
Score by the extent to which the statement corresponds with how you feel about it - 5. Because I think that this module is pleasant","Why are you doing this module? 
Score by the extent to which the statement corresponds with how you feel about it - 6. Because I think that this module is good for me","Why are you doing this module? 
Score by the extent to which the statement corresponds with how you feel about it - 7. Because it is something that I have to do","Why are you doing this module? 
Score by the extent to which the statement corresponds with how you feel about it - 8. I am doing this module but I am not sure if it is worth it","Why are you doing this module? 
Score by the extent to which the statement corresponds with how you feel about it - 9. Because this module looks fun","Why are you doing this module? 
Score by the extent to which the statement corresponds with how you feel about it - 10. By personal decision","Why are you doing this module? 
Score by the extent to which the statement corresponds with how you feel about it - 11. Because I don’t have any choice","Why are you doing this module? 
Score by the extent to which the statement corresponds with how you feel about it - 12. I don’t know; I don’t see what this module brings me","Why are you doing this module? 
Score by the extent to which the statement corresponds with how you feel about it - 13. Because I feel good about this module","Why are you doing this module? 
Score by the extent to which the statement corresponds with how you feel about it - 14. Because I believe that this module is important for me","Why are you doing this module? 
Score by the extent to which the statement corresponds with how you feel about it - 15. Because I feel that I have to do it","Why are you doing this module? 
Score by the extent to which the statement corresponds with how you feel about it - 16. I am doing this module, but I am not sure it is a good thing to pursue it"
1,126,1996,1,,18.0,5.0,"6,12",2.0,5.0,5.0,5.0,4.0,5.0,4.0,5.0,5.0,5.0,4.0,5.0,6.0,2.0,6.0,1.0,7.0,4.0,4.0,1.0,6.0,1.0,7.0,7.0,7.0,4.0,7.0,3.0,7.0,5.0,7.0,7.0,1.0,4.0,7.0,7.0,7.0,3.0
2,126,1996,1,,12.0,3.0,10,3.0,5.0,4.0,4.0,3.0,4.0,2.0,5.0,1.0,4.0,2.0,5.0,1.0,3.0,7.0,3.0,7.0,6.0,4.0,1.0,6.0,5.0,5.0,6.0,7.0,1.0,4.0,6.0,7.0,1.0,3.0,1.0,4.0,1.0,5.0,6.0,4.0,1.0
3,126,1990,2,,20.0,2.0,18,2.0,4.0,4.0,3.0,4.0,4.0,5.0,5.0,4.0,3.0,4.0,5.0,2.0,1.0,6.0,2.0,6.0,7.0,6.0,2.0,6.0,2.0,4.0,6.0,4.0,1.0,4.0,6.0,4.0,1.0,4.0,6.0,1.0,1.0,4.0,6.0,4.0,1.0
4,126,1991,1,,20.0,6.0,"10,14",4.0,5.0,5.0,5.0,4.0,5.0,4.0,5.0,5.0,5.0,4.0,4.0,6.0,2.0,6.0,2.0,7.0,4.0,5.0,1.0,6.0,1.0,7.0,7.0,1.0,1.0,7.0,7.0,1.0,1.0,7.0,7.0,1.0,1.0,7.0,7.0,4.0,1.0
5,130,1998,1,,24.0,0.0,,2.0,3.0,4.0,3.0,3.0,3.0,3.0,3.0,3.0,4.0,3.0,4.0,6.0,1.0,6.0,1.0,7.0,1.0,5.0,2.0,7.0,1.0,4.0,5.0,4.0,2.0,5.0,5.0,2.0,3.0,5.0,4.0,4.0,4.0,4.0,4.0,4.0,4.0
6,126,1985,1,,15.0,11.0,"8,13,16",2.0,4.0,5.0,5.0,4.0,4.0,4.0,4.0,3.0,3.0,4.0,5.0,4.0,2.0,7.0,1.0,6.0,5.0,1.0,1.0,7.0,1.0,6.0,7.0,6.0,6.0,5.0,6.0,4.0,1.0,6.0,5.0,2.0,1.0,5.0,5.0,4.0,4.0
7,126,1985,1,,17.0,10.0,"3,10,16",3.0,5.0,5.0,5.0,5.0,5.0,5.0,5.0,5.0,5.0,5.0,5.0,7.0,1.0,7.0,3.0,7.0,1.0,4.0,1.0,7.0,1.0,7.0,7.0,7.0,1.0,7.0,7.0,7.0,1.0,7.0,7.0,1.0,1.0,7.0,7.0,7.0,1.0
8,185,2001,2,,13.0,5.0,"11,17,19",4.0,4.0,5.0,5.0,4.0,4.0,4.0,5.0,5.0,4.0,3.0,2.0,5.0,7.0,7.0,6.0,5.0,4.0,5.0,1.0,1.0,5.0,5.0,5.0,7.0,3.0,5.0,5.0,6.0,5.0,4.0,4.0,7.0,5.0,4.0,4.0,5.0,4.0
9,126,1976,1,,6.0,21.0,11,4.0,1.0,1.0,1.0,1.0,1.0,1.0,1.0,1.0,1.0,1.0,1.0,6.0,2.0,7.0,3.0,7.0,6.0,7.0,1.0,7.0,3.0,7.0,7.0,5.0,1.0,7.0,7.0,7.0,4.0,4.0,5.0,1.0,3.0,7.0,7.0,6.0,1.0
10,78,1998,2,,17.0,2.5,13,2.0,5.0,5.0,5.0,5.0,4.0,2.0,5.0,5.0,4.0,3.0,5.0,6.0,1.0,7.0,5.0,6.0,2.0,5.0,1.0,3.0,1.0,7.0,7.0,1.0,1.0,4.0,7.0,2.0,1.0,4.0,1.0,1.0,1.0,4.0,7.0,1.0,1.0
11,126,1996,2,,12.0,,"14,19",3.0,5.0,5.0,5.0,5.0,5.0,3.0,5.0,5.0,5.0,2.0,5.0,2.0,1.0,7.0,1.0,7.0,4.0,7.0,1.0,7.0,2.0,7.0,7.0,7.0,1.0,7.0,7.0,4.0,1.0,7.0,7.0,1.0,1.0,7.0,7.0,1.0,1.0
12,126,1986,2,,10.0,10.0,11,4.0,5.0,4.0,4.0,3.0,4.0,5.0,5.0,5.0,4.0,4.0,5.0,5.0,1.0,6.0,4.0,5.0,6.0,6.0,2.0,5.0,5.0,6.0,7.0,7.0,1.0,6.0,7.0,4.0,1.0,6.0,4.0,4.0,1.0,6.0,6.0,5.0,1.0
13,185,1995,1,,17.0,6.0,"9,10",4.0,5.0,5.0,5.0,5.0,5.0,4.0,5.0,5.0,3.0,3.0,5.0,7.0,2.0,6.0,1.0,7.0,1.0,5.0,3.0,7.0,3.0,6.0,7.0,7.0,1.0,5.0,7.0,7.0,1.0,6.0,1.0,7.0,1.0,6.0,7.0,7.0,1.0
14,14,1997,2,,15.0,0.0,,4.0,5.0,5.0,5.0,5.0,5.0,5.0,5.0,5.0,5.0,5.0,5.0,7.0,1.0,7.0,1.0,7.0,2.0,7.0,1.0,7.0,1.0,7.0,1.0,6.0,1.0,7.0,7.0,6.0,1.0,6.0,6.0,1.0,1.0,7.0,7.0,6.0,1.0
15,84,2000,2,,23.0,1.0,"9,19",2.0,4.0,4.0,4.0,3.0,4.0,3.0,5.0,5.0,4.0,3.0,5.0,3.0,2.0,7.0,1.0,7.0,5.0,5.0,1.0,6.0,1.0,7.0,7.0,5.0,1.0,6.0,7.0,5.0,1.0,7.0,1.0,5.0,1.0,6.0,7.0,1.0,1.0
16,164,1993,2,,24.0,5.0,"3,10",2.0,5.0,5.0,5.0,3.0,4.0,4.0,4.0,5.0,4.0,3.0,5.0,6.0,2.0,6.0,1.0,7.0,2.0,6.0,2.0,6.0,1.0,7.0,6.0,2.0,2.0,7.0,7.0,4.0,2.0,6.0,6.0,2.0,2.0,6.0,6.0,4.0,2.0
17,192,1999,1,,17.0,1.0,"10,16",2.0,3.0,4.0,4.0,3.0,3.0,3.0,4.0,3.0,4.0,4.0,5.0,4.0,5.0,6.0,2.0,5.0,5.0,6.0,1.0,6.0,4.0,6.0,5.0,7.0,2.0,4.0,6.0,6.0,3.0,4.0,4.0,4.0,3.0,5.0,4.0,6.0,2.0
18,192,1996,2,,24.0,1.0,"11,16",2.0,4.0,4.0,3.0,4.0,4.0,4.0,5.0,5.0,4.0,2.0,4.0,3.0,5.0,5.0,4.0,6.0,5.0,6.0,3.0,4.0,3.0,6.0,6.0,6.0,2.0,4.0,5.0,6.0,3.0,5.0,5.0,2.0,2.0,5.0,5.0,5.0,2.0
19,185,2001,1,,20.0,0.0,,2.0,4.0,4.0,3.0,4.0,3.0,2.0,5.0,5.0,4.0,3.0,5.0,5.0,4.0,5.0,2.0,7.0,3.0,4.0,2.0,5.0,4.0,,,,,,,,,,,,,,,,
20,164,1989,2,,24.0,12.0,"11,13",4.0,4.0,5.0,4.0,4.0,4.0,4.0,4.0,4.0,4.0,4.0,4.0,6.0,3.0,6.0,4.0,6.0,7.0,7.0,5.0,5.0,3.0,7.0,7.0,7.0,7.0,7.0,7.0,7.0,3.0,7.0,3.0,3.0,4.0,7.0,7.0,5.0,6.0
21,164,1997,1,,24.0,3.0,11,2.0,5.0,5.0,4.0,4.0,5.0,4.0,5.0,4.0,4.0,4.0,5.0,6.0,6.0,7.0,6.0,7.0,5.0,6.0,2.0,6.0,6.0,6.0,6.0,7.0,6.0,6.0,6.0,6.0,5.0,5.0,4.0,6.0,4.0,4.0,6.0,5.0,4.0
22,126,1990,1,,13.0,7.0,"11,19",2.0,5.0,5.0,5.0,4.0,5.0,4.0,5.0,5.0,5.0,4.0,5.0,6.0,6.0,6.0,5.0,7.0,2.0,6.0,5.0,6.0,1.0,5.0,7.0,4.0,1.0,6.0,6.0,4.0,1.0,3.0,7.0,1.0,1.0,6.0,7.0,7.0,1.0
23,126,1993,2,,14.0,6.0,11,3.0,5.0,5.0,5.0,4.0,5.0,5.0,5.0,5.0,5.0,4.0,5.0,7.0,2.0,7.0,2.0,7.0,7.0,7.0,1.0,7.0,1.0,,,,,,7.0,5.0,,,,,,,,,
24,185,1988,1,,6.0,10.0,16,4.0,4.0,5.0,4.0,4.0,3.0,4.0,4.0,3.0,5.0,3.0,5.0,3.0,3.0,6.0,4.0,7.0,5.0,5.0,4.0,6.0,4.0,6.0,6.0,1.0,1.0,4.0,5.0,1.0,1.0,5.0,6.0,1.0,1.0,4.0,5.0,1.0,2.0
25,185,2000,1,,24.0,,19,,,,,,,,,,,,,,,,,,,,,,,,,,,,,,,,,,,,,,
26,185,1998,1,,20.0,0.0,,2.0,3.0,3.0,3.0,3.0,2.0,4.0,4.0,4.0,4.0,2.0,3.0,3.0,4.0,5.0,5.0,5.0,4.0,5.0,4.0,5.0,5.0,2.0,3.0,3.0,3.0,4.0,5.0,3.0,3.0,2.0,2.0,6.0,1.0,3.0,2.0,2.0,1.0
27,169,1996,2,,24.0,13.0,"9,16,17",3.0,4.0,5.0,5.0,5.0,5.0,5.0,5.0,5.0,4.0,4.0,5.0,5.0,3.0,6.0,5.0,5.0,6.0,5.0,3.0,5.0,3.0,4.0,4.0,7.0,3.0,4.0,4.0,4.0,4.0,4.0,4.0,7.0,3.0,4.0,4.0,4.0,4.0
28,185,1995,3,,19.0,,19,3.0,3.0,3.0,3.0,3.0,4.0,4.0,5.0,3.0,4.0,2.0,4.0,2.0,5.0,6.0,4.0,6.0,4.0,6.0,3.0,1.0,4.0,3.0,2.0,7.0,2.0,4.0,7.0,5.0,7.0,5.0,6.0,7.0,5.0,6.0,7.0,7.0,3.0
29,185,1998,1,,17.0,8.0,13,4.0,4.0,3.0,5.0,5.0,4.0,5.0,5.0,4.0,5.0,3.0,5.0,1.0,2.0,6.0,6.0,7.0,3.0,4.0,5.0,2.0,4.0,6.0,7.0,7.0,2.0,4.0,7.0,7.0,2.0,6.0,7.0,5.0,1.0,7.0,7.0,6.0,3.0
30,163,1983,1,,15.0,13.0,"3,10,13,17",3.0,4.0,3.0,4.0,4.0,3.0,4.0,4.0,3.0,4.0,2.0,4.0,3.0,5.0,7.0,4.0,6.0,6.0,6.0,1.0,7.0,2.0,5.0,3.0,5.0,2.0,2.0,5.0,7.0,6.0,3.0,2.0,6.0,2.0,3.0,4.0,6.0,4.0
31,78,1998,1,,17.0,1.75,17,4.0,4.0,4.0,3.0,3.0,3.0,4.0,4.0,4.0,4.0,3.0,5.0,5.0,3.0,4.0,1.0,6.0,5.0,4.0,2.0,5.0,3.0,4.0,5.0,5.0,5.0,5.0,5.0,6.0,5.0,6.0,5.0,6.0,5.0,6.0,5.0,6.0,5.0
32,126,1979,2,,24.0,19.0,11,4.0,5.0,5.0,5.0,5.0,5.0,4.0,5.0,5.0,4.0,3.0,5.0,7.0,6.0,6.0,6.0,7.0,2.0,7.0,1.0,5.0,1.0,6.0,6.0,1.0,1.0,6.0,6.0,2.0,1.0,6.0,6.0,1.0,6.0,6.0,6.0,2.0,1.0
33,126,1970,4,,24.0,16.0,11,2.0,5.0,5.0,4.0,4.0,4.0,5.0,3.0,5.0,4.0,4.0,5.0,5.0,3.0,5.0,6.0,6.0,7.0,5.0,1.0,6.0,1.0,4.0,,5.0,7.0,7.0,6.0,7.0,1.0,6.0,6.0,4.0,6.0,7.0,7.0,6.0,5.0
34,164,1992,2,,24.0,5.0,19,4.0,5.0,5.0,5.0,5.0,5.0,5.0,5.0,5.0,5.0,5.0,5.0,7.0,4.0,7.0,4.0,7.0,6.0,6.0,4.0,7.0,2.0,7.0,7.0,7.0,7.0,7.0,7.0,7.0,1.0,5.0,6.0,1.0,1.0,6.0,7.0,7.0,1.0
35,126,1999,1,,17.0,7.0,"9,11,15,17,18,19",4.0,3.0,4.0,5.0,1.0,4.0,4.0,3.0,4.0,5.0,2.0,5.0,5.0,5.0,7.0,1.0,7.0,6.0,7.0,2.0,7.0,5.0,3.0,7.0,5.0,4.0,5.0,7.0,6.0,4.0,2.0,7.0,4.0,4.0,6.0,3.0,5.0,4.0
36,126,1987,2,,13.0,6.0,"14,19",2.0,5.0,5.0,5.0,5.0,5.0,4.0,5.0,5.0,4.0,4.0,5.0,6.0,1.0,6.0,2.0,7.0,6.0,6.0,2.0,6.0,2.0,7.0,4.0,7.0,1.0,7.0,7.0,7.0,2.0,5.0,6.0,5.0,4.0,6.0,6.0,6.0,2.0
37,164,1981,1,,24.0,17.0,10,4.0,5.0,5.0,4.0,5.0,2.0,3.0,4.0,4.0,5.0,1.0,5.0,6.0,6.0,4.0,6.0,7.0,5.0,5.0,1.0,6.0,1.0,7.0,5.0,6.0,1.0,5.0,7.0,1.0,1.0,5.0,7.0,1.0,1.0,7.0,7.0,1.0,1.0
38,130,1993,1,,17.0,5.0,"10,13,14",4.0,4.0,5.0,4.0,5.0,2.0,5.0,4.0,5.0,5.0,2.0,5.0,7.0,1.0,5.0,3.0,7.0,5.0,6.0,2.0,2.0,5.0,6.0,5.0,6.0,6.0,6.0,6.0,6.0,2.0,1.0,3.0,4.0,1.0,6.0,6.0,6.0,5.0
39,130,1991,2,,17.0,,,,,,,,,,,,,,,,,,,,,,,,,,,,,,,,,,,,,,,,
40,164,1996,1,,24.0,4.0,"10,11,13",3.0,5.0,4.0,4.0,4.0,4.0,4.0,5.0,5.0,4.0,2.0,5.0,6.0,4.0,6.0,3.0,7.0,3.0,6.0,1.0,6.0,1.0,7.0,4.0,4.0,1.0,7.0,7.0,6.0,1.0,5.0,6.0,1.0,1.0,5.0,7.0,1.0,1.0
41,78,1992,1,,20.0,7.0,11,4.0,5.0,5.0,5.0,5.0,5.0,5.0,5.0,5.0,5.0,5.0,5.0,,,,,,,,,,,,,,,,,,,,,,,,,,
42,185,1975,2,,11.0,10.0,"8,9,13",2.0,5.0,5.0,4.0,4.0,3.0,3.0,5.0,5.0,5.0,3.0,5.0,3.0,1.0,7.0,5.0,7.0,6.0,7.0,2.0,6.0,5.0,7.0,7.0,2.0,2.0,5.0,7.0,5.0,1.0,6.0,4.0,4.0,1.0,7.0,7.0,2.0,2.0
43,164,1990,2,,24.0,9.5,11,4.0,4.0,5.0,3.0,4.0,4.0,5.0,5.0,5.0,5.0,2.0,5.0,,4.0,6.0,3.0,7.0,7.0,5.0,2.0,4.0,2.0,6.0,7.0,1.0,1.0,4.0,7.0,6.0,1.0,1.0,7.0,1.0,1.0,7.0,7.0,7.0,1.0
44,104,1993,1,,24.0,4.0,11,3.0,4.0,4.0,4.0,4.0,4.0,4.0,4.0,4.0,4.0,4.0,4.0,4.0,5.0,5.0,3.0,5.0,5.0,5.0,5.0,5.0,4.0,4.0,4.0,4.0,4.0,4.0,4.0,4.0,4.0,4.0,4.0,6.0,2.0,3.0,4.0,4.0,2.0
45,172,1993,1,,15.0,5.0,3,,,,,,,,,,,,,,,,,,,,,,,,,,,,,,,,,,,,,,
46,78,1994,1,,24.0,,11,2.0,5.0,5.0,5.0,5.0,5.0,5.0,5.0,5.0,5.0,5.0,5.0,7.0,1.0,7.0,2.0,7.0,1.0,6.0,1.0,6.0,1.0,7.0,6.0,1.0,1.0,5.0,6.0,3.0,2.0,5.0,7.0,1.0,1.0,4.0,7.0,3.0,1.0
47,185,1997,2,,35.0,,,3.0,4.0,4.0,3.0,3.0,4.0,4.0,5.0,5.0,5.0,2.0,5.0,3.0,1.0,5.0,5.0,5.0,5.0,6.0,3.0,5.0,3.0,6.0,6.0,7.0,2.0,5.0,5.0,6.0,4.0,4.0,4.0,4.0,4.0,5.0,6.0,4.0,4.0
48,104,1992,1,,33.0,5.0,"3,7,18,19",2.0,3.0,4.0,4.0,4.0,4.0,4.0,4.0,4.0,4.0,4.0,4.0,5.0,5.0,5.0,5.0,5.0,5.0,5.0,5.0,5.0,5.0,6.0,5.0,6.0,3.0,,7.0,7.0,5.0,6.0,5.0,2.0,,6.0,6.0,6.0,6.0
49,126,1984,2,,17.0,8.0,11,2.0,5.0,5.0,4.0,5.0,5.0,5.0,4.0,4.0,4.0,5.0,5.0,7.0,6.0,7.0,3.0,7.0,5.0,7.0,1.0,7.0,6.0,7.0,7.0,6.0,5.0,5.0,5.0,5.0,6.0,5.0,5.0,6.0,5.0,5.0,5.0,6.0,6.0
50,126,1992,1,,17.0,6.0,12,4.0,5.0,5.0,5.0,5.0,5.0,5.0,5.0,5.0,5.0,4.0,5.0,7.0,1.0,7.0,2.0,6.0,4.0,4.0,1.0,6.0,1.0,6.0,6.0,6.0,1.0,7.0,7.0,7.0,1.0,7.0,6.0,1.0,1.0,6.0,7.0,6.0,1.0
51,126,1998,2,,23.0,1.0,"11,14",4.0,5.0,5.0,4.0,4.0,5.0,3.0,5.0,5.0,5.0,3.0,4.0,7.0,1.0,6.0,2.0,7.0,2.0,7.0,2.0,4.0,2.0,6.0,7.0,7.0,1.0,6.0,7.0,4.0,1.0,5.0,3.0,2.0,1.0,7.0,7.0,5.0,1.0
52,126,1991,2,,16.0,5.0,11,2.0,1.0,,1.0,1.0,1.0,1.0,1.0,1.0,1.0,1.0,1.0,4.0,1.0,5.0,5.0,5.0,5.0,5.0,1.0,6.0,5.0,3.0,4.0,3.0,4.0,4.0,4.0,4.0,4.0,4.0,,1.0,,4.0,4.0,4.0,1.0
53,126,2001,2,,14.0,,"10,11",4.0,4.0,3.0,3.0,4.0,3.0,5.0,4.0,4.0,4.0,4.0,5.0,2.0,2.0,6.0,6.0,7.0,6.0,5.0,2.0,5.0,3.0,4.0,4.0,5.0,1.0,4.0,4.0,5.0,1.0,4.0,4.0,4.0,1.0,5.0,6.0,5.0,1.0
54,126,1979,2,,17.0,7.0,10,2.0,4.0,4.0,4.0,5.0,5.0,4.0,5.0,5.0,3.0,4.0,5.0,6.0,1.0,6.0,1.0,6.0,4.0,6.0,1.0,6.0,1.0,5.0,7.0,4.0,3.0,6.0,6.0,6.0,1.0,4.0,4.0,,1.0,6.0,7.0,7.0,1.0
55,126,1986,2,,16.0,13.0,11,4.0,5.0,4.0,5.0,5.0,,3.0,3.0,4.0,5.0,3.0,5.0,6.0,3.0,,4.0,6.0,5.0,7.0,1.0,5.0,2.0,,,,,,,7.0,,,,,,,,,
56,126,1986,2,,17.0,11.0,10,4.0,5.0,5.0,4.0,3.0,5.0,3.0,5.0,5.0,3.0,3.0,5.0,5.0,2.0,6.0,1.0,7.0,2.0,6.0,2.0,6.0,2.0,,,,,,,,,,,,,,,,
57,126,1990,2,,24.0,,"10,17,19",4.0,5.0,5.0,4.0,4.0,4.0,4.0,4.0,4.0,4.0,5.0,5.0,5.0,2.0,7.0,1.0,7.0,4.0,6.0,2.0,6.0,1.0,,,,,,,,,,,,,,,,
58,126,1992,1,,6.0,7.0,11,3.0,5.0,5.0,5.0,4.0,5.0,5.0,5.0,5.0,5.0,4.0,5.0,6.0,6.0,,2.0,7.0,6.0,7.0,1.0,6.0,6.0,7.0,7.0,6.0,7.0,7.0,7.0,6.0,1.0,6.0,7.0,1.0,1.0,6.0,7.0,1.0,1.0
59,164,1991,1,,15.0,4.0,3,3.0,5.0,5.0,5.0,4.0,4.0,4.0,5.0,5.0,4.0,3.0,5.0,7.0,2.0,2.0,2.0,6.0,5.0,5.0,2.0,6.0,2.0,7.0,7.0,1.0,1.0,6.0,7.0,1.0,1.0,5.0,4.0,3.0,3.0,6.0,6.0,4.0,2.0
60,192,1997,2,,24.0,2.0,"14,19",2.0,4.0,4.0,4.0,5.0,4.0,4.0,4.0,4.0,5.0,4.0,4.0,5.0,4.0,5.0,3.0,5.0,3.0,5.0,1.0,3.0,4.0,6.0,5.0,5.0,4.0,5.0,6.0,5.0,4.0,6.0,6.0,1.0,1.0,6.0,6.0,6.0,6.0
61,78,1993,2,,15.0,3.0,"10,13",,,,,,,,,,,,,,,,,,,,,,,,,,,,,,,,,,,,,,
62,179,1996,1,,24.0,2.0,"10,19",2.0,4.0,4.0,4.0,4.0,2.0,4.0,5.0,5.0,4.0,4.0,5.0,4.0,5.0,6.0,3.0,6.0,5.0,5.0,1.0,7.0,3.0,5.0,6.0,4.0,1.0,5.0,6.0,2.0,2.0,4.0,7.0,1.0,1.0,4.0,6.0,6.0,4.0
63,185,1998,2,,24.0,1.0,"16,18",,,,,,,,,,,,,,,,,,,,,,,,,,,,,,,,,,,,,,
64,80,1989,2,,22.0,7.0,"14,17",4.0,5.0,5.0,5.0,5.0,5.0,4.0,5.0,5.0,5.0,4.0,4.0,6.0,5.0,5.0,1.0,7.0,3.0,4.0,1.0,5.0,3.0,5.0,5.0,5.0,3.0,5.0,6.0,3.0,2.0,5.0,5.0,2.0,2.0,5.0,4.0,2.0,2.0
65,75,2000,1,,18.0,0.0,,2.0,5.0,5.0,5.0,4.0,5.0,5.0,3.0,3.0,4.0,4.0,4.0,5.0,3.0,5.0,2.0,4.0,6.0,6.0,5.0,7.0,3.0,7.0,5.0,6.0,3.0,5.0,2.0,6.0,7.0,4.0,6.0,1.0,3.0,5.0,4.0,5.0,7.0
66,75,1995,2,,19.0,5.0,"10,16",4.0,4.0,5.0,5.0,3.0,4.0,5.0,5.0,5.0,5.0,3.0,4.0,5.0,4.0,6.0,5.0,7.0,5.0,7.0,2.0,6.0,3.0,5.0,5.0,4.0,4.0,5.0,5.0,6.0,5.0,4.0,5.0,2.0,3.0,5.0,5.0,5.0,5.0
67,78,1987,2,,24.0,8.0,11,3.0,5.0,5.0,5.0,4.0,5.0,5.0,5.0,5.0,5.0,5.0,5.0,6.0,6.0,7.0,3.0,6.0,7.0,7.0,1.0,6.0,5.0,7.0,6.0,1.0,1.0,6.0,6.0,1.0,1.0,6.0,7.0,1.0,1.0,7.0,7.0,7.0,1.0
68,118,1996,2,,17.0,5.0,"10,11,13,16",4.0,5.0,5.0,2.0,5.0,5.0,3.0,5.0,5.0,4.0,2.0,5.0,5.0,4.0,7.0,2.0,7.0,4.0,7.0,2.0,6.0,3.0,7.0,6.0,4.0,6.0,4.0,4.0,2.0,4.0,5.0,7.0,3.0,4.0,6.0,6.0,3.0,3.0
69,185,1992,1,,15.0,7.0,"3,8,15",4.0,2.0,2.0,4.0,3.0,4.0,5.0,4.0,4.0,5.0,1.0,3.0,4.0,2.0,6.0,3.0,5.0,6.0,6.0,3.0,6.0,6.0,6.0,5.0,5.0,3.0,5.0,5.0,5.0,5.0,6.0,1.0,7.0,3.0,4.0,4.0,6.0,4.0
70,126,1995,1,,20.0,3.0,"11,17",4.0,5.0,5.0,5.0,4.0,4.0,4.0,4.0,4.0,3.0,3.0,5.0,6.0,4.0,5.0,4.0,6.0,6.0,6.0,1.0,6.0,3.0,5.0,6.0,5.0,1.0,6.0,6.0,6.0,3.0,4.0,5.0,2.0,2.0,6.0,6.0,4.0,1.0
71,192,1998,1,,20.0,1.0,"7,11,19",4.0,5.0,5.0,4.0,4.0,3.0,4.0,5.0,5.0,4.0,2.0,5.0,6.0,4.0,6.0,1.0,7.0,5.0,6.0,1.0,7.0,1.0,6.0,6.0,4.0,1.0,6.0,7.0,7.0,2.0,7.0,5.0,5.0,1.0,7.0,7.0,7.0,1.0
72,78,1984,1,,10.0,,,,,,,,,,,,,,,,,,,,,,,,,,,,,,,,,,,,,,,,
73,78,1997,2,,15.0,3.0,"10,14",3.0,5.0,5.0,5.0,4.0,3.0,4.0,5.0,5.0,3.0,5.0,5.0,,,,,,,,,,,,,,,,,,,,,,,,,,
74,164,1986,2,,24.0,12.0,11,3.0,5.0,5.0,5.0,5.0,5.0,5.0,5.0,5.0,5.0,5.0,5.0,6.0,1.0,6.0,1.0,7.0,3.0,7.0,6.0,6.0,1.0,6.0,7.0,4.0,1.0,4.0,7.0,1.0,1.0,7.0,3.0,1.0,1.0,7.0,7.0,5.0,3.0
75,164,1980,1,,24.0,,11,2.0,5.0,5.0,4.0,4.0,4.0,5.0,5.0,5.0,5.0,5.0,5.0,7.0,6.0,7.0,7.0,7.0,3.0,7.0,2.0,7.0,2.0,6.0,6.0,5.0,2.0,5.0,6.0,6.0,2.0,6.0,3.0,6.0,2.0,6.0,6.0,6.0,2.0
76,137,1996,1,,4.0,,"3,6,7,17",4.0,5.0,5.0,5.0,5.0,5.0,5.0,5.0,5.0,5.0,5.0,5.0,6.0,7.0,5.0,1.0,7.0,1.0,7.0,2.0,6.0,1.0,7.0,7.0,4.0,1.0,7.0,7.0,4.0,1.0,7.0,7.0,1.0,1.0,7.0,7.0,4.0,4.0
77,164,1990,1,,24.0,5.0,,,,,,,,,,,,,,,,,,,,,,,,,,,,,,,,,,,,,,,
78,130,1992,1,,15.0,3.0,,,,,,,,,,,,,,,,,,,,,,,,,,,,,,,,,,,,,,,
79,78,1994,2,,20.0,,,,,,,,,,,,,,,,,,,,,,,,,,,,,,,,,,,,,,,,
80,126,1988,1,,15.0,5.0,,,,,,,,,,,,,,,,,,,,,,,,,,,,,,,,,,,,,,,
81,78,1989,2,,17.0,9.0,10,4.0,5.0,5.0,5.0,5.0,1.0,5.0,5.0,5.0,5.0,2.0,5.0,4.0,1.0,1.0,1.0,7.0,5.0,6.0,1.0,7.0,1.0,7.0,7.0,4.0,3.0,7.0,7.0,4.0,4.0,4.0,1.0,4.0,4.0,7.0,7.0,7.0,4.0
82,126,1985,2,,14.0,12.0,16,1.0,5.0,5.0,4.0,5.0,5.0,5.0,4.0,5.0,3.0,4.0,5.0,1.0,1.0,6.0,1.0,6.0,6.0,6.0,1.0,6.0,4.0,4.0,7.0,7.0,4.0,4.0,7.0,7.0,1.0,3.0,7.0,5.0,4.0,4.0,7.0,7.0,1.0
83,126,1996,2,,11.0,2.0,"10,16,19",2.0,5.0,4.0,4.0,1.0,5.0,1.0,1.0,1.0,5.0,4.0,5.0,1.0,1.0,7.0,7.0,7.0,7.0,7.0,1.0,7.0,6.0,7.0,7.0,7.0,1.0,6.0,7.0,7.0,1.0,6.0,7.0,4.0,1.0,7.0,7.0,7.0,1.0
84,78,1999,1,,17.0,0.0,,1.0,4.0,3.0,2.0,3.0,3.0,4.0,4.0,4.0,4.0,4.0,4.0,3.0,3.0,6.0,2.0,6.0,5.0,5.0,5.0,6.0,5.0,7.0,5.0,3.0,2.0,4.0,4.0,4.0,4.0,4.0,4.0,1.0,4.0,4.0,4.0,4.0,4.0
85,126,1993,1,,2.0,2.0,4,4.0,5.0,5.0,4.0,4.0,5.0,4.0,5.0,5.0,5.0,5.0,5.0,5.0,2.0,7.0,4.0,7.0,7.0,6.0,,7.0,4.0,5.0,7.0,4.0,1.0,4.0,6.0,6.0,1.0,5.0,4.0,2.0,2.0,4.0,5.0,5.0,1.0
86,30,1997,1,,16.0,3.0,19,2.0,4.0,4.0,4.0,5.0,4.0,4.0,5.0,4.0,4.0,3.0,5.0,6.0,4.0,7.0,2.0,5.0,5.0,2.0,5.0,4.0,5.0,6.0,6.0,5.0,1.0,6.0,6.0,5.0,1.0,5.0,5.0,2.0,1.0,6.0,6.0,6.0,1.0
87,53,1996,1,,15.0,,"10,13",3.0,3.0,3.0,3.0,3.0,3.0,3.0,3.0,3.0,3.0,2.0,4.0,6.0,5.0,4.0,5.0,4.0,5.0,4.0,5.0,4.0,3.0,3.0,5.0,6.0,7.0,3.0,2.0,6.0,7.0,2.0,2.0,7.0,7.0,2.0,2.0,7.0,7.0
88,126,1980,1,,15.0,15.0,11,2.0,5.0,5.0,5.0,4.0,5.0,1.0,5.0,5.0,5.0,1.0,5.0,6.0,1.0,7.0,1.0,7.0,4.0,7.0,1.0,7.0,1.0,7.0,7.0,3.0,1.0,3.0,7.0,7.0,1.0,6.0,1.0,1.0,1.0,7.0,7.0,7.0,1.0
89,172,1997,1,,17.0,3.0,10,4.0,4.0,5.0,5.0,4.0,5.0,3.0,5.0,5.0,5.0,3.0,5.0,5.0,7.0,6.0,6.0,7.0,7.0,7.0,1.0,7.0,1.0,7.0,7.0,7.0,2.0,5.0,6.0,6.0,1.0,6.0,7.0,1.0,1.0,7.0,7.0,7.0,1.0
90,130,1995,1,,17.0,4.0,"13,16,17",3.0,5.0,5.0,4.0,4.0,5.0,4.0,5.0,5.0,5.0,2.0,5.0,6.0,1.0,6.0,3.0,7.0,6.0,7.0,1.0,6.0,3.0,6.0,6.0,6.0,6.0,6.0,7.0,7.0,4.0,6.0,7.0,3.0,2.0,7.0,7.0,6.0,1.0
91,164,1994,1,,24.0,2.5,"3,8,10",3.0,5.0,5.0,5.0,4.0,4.0,4.0,5.0,5.0,4.0,4.0,5.0,5.0,5.0,6.0,4.0,7.0,5.0,5.0,2.0,6.0,1.0,7.0,6.0,4.0,1.0,7.0,7.0,4.0,4.0,7.0,7.0,4.0,4.0,7.0,7.0,4.0,4.0
92,126,1992,1,,,6.0,"1,12",2.0,5.0,5.0,4.0,5.0,4.0,5.0,5.0,4.0,5.0,5.0,5.0,6.0,1.0,7.0,6.0,7.0,6.0,7.0,1.0,7.0,1.0,5.0,7.0,7.0,1.0,7.0,7.0,7.0,1.0,1.0,1.0,6.0,1.0,7.0,7.0,7.0,1.0
93,164,1986,1,,17.0,12.0,10,4.0,5.0,5.0,4.0,4.0,4.0,4.0,4.0,5.0,4.0,4.0,4.0,,,,,,,,,,,,,,,,,,,,,,,,,,
94,78,1984,2,,15.0,15.0,"10,13",4.0,5.0,5.0,5.0,5.0,1.0,5.0,5.0,5.0,2.0,4.0,5.0,5.0,1.0,7.0,6.0,7.0,5.0,7.0,1.0,5.0,1.0,7.0,7.0,4.0,1.0,4.0,7.0,7.0,1.0,3.0,1.0,1.0,1.0,7.0,7.0,4.0,1.0
95,126,1980,2,,6.0,14.0,"7,11",4.0,5.0,4.0,5.0,3.0,5.0,5.0,5.0,5.0,5.0,3.0,5.0,6.0,1.0,7.0,1.0,7.0,3.0,7.0,1.0,7.0,1.0,7.0,4.0,4.0,1.0,7.0,7.0,7.0,1.0,7.0,7.0,1.0,1.0,7.0,7.0,1.0,1.0
96,164,1998,1,,17.0,3.0,10,2.0,5.0,5.0,4.0,3.0,4.0,4.0,5.0,5.0,4.0,2.0,5.0,6.0,5.0,6.0,2.0,6.0,4.0,4.0,2.0,6.0,4.0,6.0,6.0,4.0,2.0,5.0,6.0,4.0,2.0,6.0,,2.0,2.0,5.0,6.0,4.0,2.0
97,21,1998,1,,15.0,2.0,7,2.0,4.0,4.0,5.0,5.0,4.0,4.0,5.0,5.0,4.0,3.0,5.0,4.0,6.0,6.0,3.0,6.0,5.0,4.0,2.0,7.0,3.0,7.0,6.0,4.0,1.0,6.0,6.0,5.0,1.0,6.0,7.0,1.0,1.0,6.0,7.0,4.0,1.0
98,163,1994,2,,32.0,5.0,10,4.0,3.0,4.0,4.0,4.0,4.0,1.0,5.0,3.0,4.0,2.0,4.0,7.0,4.0,6.0,5.0,6.0,1.0,7.0,2.0,4.0,1.0,7.0,7.0,1.0,1.0,4.0,7.0,4.0,1.0,4.0,6.0,1.0,1.0,6.0,7.0,3.0,1.0
99,179,1987,1,,24.0,7.0,11,2.0,4.0,4.0,4.0,4.0,4.0,2.0,3.0,4.0,4.0,2.0,3.0,6.0,6.0,6.0,5.0,6.0,3.0,5.0,2.0,5.0,2.0,5.0,4.0,6.0,3.0,4.0,5.0,6.0,5.0,4.0,3.0,6.0,4.0,5.0,4.0,5.0,5.0
100,179,1990,1,,20.0,,11,2.0,5.0,4.0,3.0,3.0,2.0,4.0,5.0,4.0,4.0,3.0,5.0,5.0,6.0,7.0,3.0,6.0,4.0,6.0,4.0,5.0,2.0,4.0,3.0,6.0,2.0,4.0,4.0,5.0,2.0,2.0,1.0,5.0,4.0,4.0,5.0,4.0,2.0
101,126,1999,1,,15.0,10.0,"7,10",3.0,5.0,5.0,4.0,5.0,5.0,5.0,4.0,5.0,4.0,2.0,5.0,7.0,4.0,6.0,3.0,7.0,5.0,5.0,2.0,4.0,1.0,7.0,6.0,4.0,1.0,7.0,7.0,4.0,1.0,7.0,6.0,1.0,1.0,7.0,7.0,7.0,1.0
102,126,1995,1,,11.0,3.0,"10,19",4.0,5.0,5.0,5.0,5.0,5.0,4.0,5.0,5.0,3.0,4.0,5.0,6.0,2.0,7.0,4.0,6.0,6.0,6.0,1.0,5.0,1.0,5.0,6.0,7.0,1.0,5.0,7.0,7.0,1.0,5.0,5.0,2.0,1.0,6.0,7.0,5.0,1.0
103,126,1997,2,,12.0,3.0,"18,19",4.0,5.0,5.0,1.0,2.0,5.0,5.0,5.0,5.0,5.0,2.0,5.0,6.0,1.0,7.0,1.0,7.0,5.0,6.0,1.0,7.0,1.0,5.0,6.0,3.0,1.0,6.0,6.0,2.0,6.0,5.0,5.0,3.0,4.0,5.0,6.0,3.0,5.0
104,126,1976,1,,17.0,15.0,"10,14,19",4.0,1.0,1.0,1.0,1.0,1.0,1.0,1.0,1.0,1.0,1.0,1.0,,,,,,,,,,,,,,,,,,,,,,,,,,
105,164,1977,1,,14.0,18.5,3,4.0,5.0,5.0,4.0,5.0,5.0,2.0,5.0,5.0,4.0,3.0,5.0,7.0,3.0,6.0,2.0,7.0,1.0,3.0,1.0,6.0,1.0,7.0,6.0,6.0,1.0,6.0,7.0,7.0,1.0,6.0,6.0,4.0,1.0,7.0,7.0,7.0,1.0
106,126,1986,2,,6.0,7.0,16,2.0,5.0,4.0,5.0,4.0,5.0,5.0,5.0,5.0,3.0,4.0,5.0,,,,,,,,,,,,,,,,,,,,,,,,,,
107,14,1999,1,,17.0,0.0,,1.0,5.0,5.0,5.0,4.0,4.0,5.0,5.0,5.0,5.0,5.0,5.0,,6.0,7.0,6.0,6.0,7.0,7.0,1.0,6.0,5.0,7.0,7.0,3.0,5.0,6.0,6.0,4.0,2.0,5.0,6.0,1.0,4.0,6.0,6.0,6.0,2.0
108,78,1997,2,,17.0,5.0,"10,13",4.0,5.0,5.0,5.0,5.0,4.0,5.0,5.0,5.0,5.0,3.0,5.0,7.0,1.0,7.0,1.0,7.0,7.0,7.0,1.0,7.0,1.0,7.0,6.0,2.0,1.0,6.0,6.0,1.0,1.0,5.0,7.0,1.0,2.0,5.0,5.0,1.0,2.0
109,187,1997,1,,7.0,3.0,9,1.0,4.0,5.0,4.0,2.0,4.0,4.0,5.0,5.0,4.0,3.0,5.0,1.0,1.0,5.0,1.0,7.0,6.0,6.0,3.0,5.0,5.0,5.0,5.0,1.0,1.0,4.0,4.0,5.0,2.0,2.0,5.0,1.0,1.0,4.0,5.0,4.0,1.0
110,185,1998,2,,6.0,1.0,19,2.0,3.0,3.0,3.0,3.0,3.0,3.0,5.0,5.0,4.0,4.0,4.0,5.0,3.0,7.0,4.0,6.0,5.0,4.0,2.0,6.0,2.0,5.0,7.0,7.0,3.0,3.0,5.0,7.0,3.0,4.0,4.0,4.0,1.0,4.0,5.0,5.0,2.0
111,126,1980,1,,20.0,15.0,11,4.0,5.0,5.0,5.0,5.0,5.0,4.0,5.0,5.0,5.0,5.0,5.0,5.0,3.0,6.0,3.0,7.0,2.0,7.0,2.0,6.0,2.0,7.0,7.0,6.0,2.0,7.0,7.0,7.0,1.0,5.0,7.0,1.0,1.0,7.0,7.0,7.0,1.0
112,164,1992,2,,14.0,5.0,11,2.0,4.0,4.0,5.0,3.0,4.0,4.0,5.0,5.0,4.0,5.0,5.0,6.0,4.0,5.0,6.0,6.0,5.0,7.0,2.0,5.0,4.0,6.0,7.0,4.0,1.0,6.0,7.0,5.0,1.0,4.0,4.0,1.0,1.0,7.0,7.0,7.0,1.0
113,126,1990,1,,23.0,5.0,14,2.0,3.0,4.0,5.0,4.0,5.0,5.0,4.0,5.0,5.0,5.0,5.0,4.0,4.0,7.0,4.0,7.0,6.0,6.0,2.0,5.0,2.0,7.0,7.0,7.0,1.0,6.0,6.0,6.0,1.0,6.0,6.0,2.0,2.0,6.0,6.0,6.0,1.0
114,126,1996,2,,25.0,3.0,11,4.0,4.0,4.0,4.0,4.0,4.0,4.0,4.0,4.0,4.0,4.0,5.0,7.0,1.0,6.0,3.0,6.0,6.0,7.0,,2.0,3.0,4.0,7.0,7.0,1.0,4.0,6.0,7.0,2.0,5.0,5.0,6.0,2.0,5.0,5.0,6.0,4.0
115,126,2001,1,,11.0,0.0,,2.0,5.0,3.0,4.0,4.0,4.0,5.0,5.0,5.0,5.0,5.0,5.0,4.0,2.0,7.0,2.0,7.0,4.0,4.0,1.0,7.0,1.0,7.0,7.0,3.0,1.0,3.0,7.0,7.0,2.0,5.0,7.0,5.0,5.0,5.0,5.0,5.0,5.0
116,66,1992,1,,8.0,,11,4.0,5.0,5.0,4.0,5.0,5.0,5.0,5.0,5.0,5.0,3.0,5.0,6.0,4.0,6.0,3.0,7.0,4.0,5.0,1.0,6.0,1.0,7.0,7.0,4.0,1.0,6.0,7.0,6.0,1.0,5.0,7.0,1.0,1.0,7.0,7.0,7.0,2.0
117,130,1999,2,,17.0,,"10,14",4.0,5.0,5.0,4.0,3.0,4.0,5.0,5.0,5.0,5.0,3.0,5.0,6.0,3.0,7.0,2.0,6.0,3.0,7.0,1.0,7.0,4.0,5.0,7.0,5.0,2.0,6.0,7.0,4.0,1.0,5.0,6.0,1.0,1.0,5.0,6.0,4.0,1.0
118,118,1991,2,,24.0,5.0,"7,9",2.0,4.0,5.0,5.0,4.0,4.0,5.0,5.0,5.0,4.0,3.0,5.0,5.0,5.0,6.0,5.0,5.0,3.0,5.0,2.0,4.0,2.0,7.0,7.0,7.0,2.0,5.0,5.0,4.0,5.0,4.0,5.0,1.0,1.0,4.0,5.0,4.0,1.0
119,126,1994,1,,35.0,,"5,11,13",4.0,4.0,5.0,4.0,4.0,4.0,5.0,5.0,4.0,3.0,3.0,5.0,7.0,6.0,6.0,1.0,7.0,6.0,6.0,1.0,7.0,1.0,1.0,6.0,7.0,1.0,1.0,4.0,7.0,1.0,1.0,1.0,1.0,1.0,1.0,7.0,1.0,1.0
120,185,2000,1,,8.0,0.0,,2.0,4.0,4.0,4.0,4.0,2.0,4.0,5.0,5.0,4.0,2.0,4.0,6.0,4.0,5.0,3.0,5.0,3.0,5.0,5.0,5.0,2.0,5.0,6.0,2.0,1.0,5.0,6.0,1.0,2.0,5.0,7.0,1.0,1.0,5.0,6.0,1.0,2.0
121,185,2002,1,,17.0,3.0,"3,6",4.0,5.0,5.0,5.0,4.0,4.0,5.0,4.0,5.0,5.0,2.0,5.0,5.0,3.0,6.0,2.0,5.0,2.0,5.0,3.0,6.0,2.0,4.0,5.0,7.0,6.0,5.0,3.0,7.0,6.0,3.0,5.0,6.0,4.0,4.0,4.0,6.0,5.0
122,137,2001,1,,24.0,2.0,1,4.0,4.0,4.0,5.0,4.0,2.0,4.0,4.0,4.0,5.0,3.0,5.0,5.0,5.0,6.0,2.0,6.0,3.0,5.0,1.0,7.0,4.0,5.0,6.0,2.0,2.0,4.0,5.0,2.0,3.0,5.0,4.0,2.0,2.0,6.0,6.0,2.0,2.0
123,80,1982,1,,15.0,10.0,19,2.0,5.0,4.0,3.0,3.0,4.0,4.0,5.0,5.0,5.0,3.0,4.0,5.0,5.0,5.0,5.0,6.0,2.0,5.0,1.0,4.0,1.0,5.0,5.0,4.0,1.0,5.0,5.0,4.0,4.0,5.0,5.0,1.0,1.0,5.0,4.0,3.0,1.0
124,104,1992,1,,24.0,7.0,11,2.0,4.0,4.0,4.0,4.0,4.0,4.0,4.0,4.0,4.0,4.0,4.0,5.0,6.0,6.0,4.0,6.0,5.0,6.0,3.0,6.0,6.0,6.0,6.0,1.0,1.0,6.0,7.0,1.0,1.0,6.0,7.0,1.0,1.0,7.0,7.0,1.0,1.0
125,185,1987,1,,15.0,5.0,13,3.0,5.0,5.0,3.0,4.0,5.0,5.0,5.0,5.0,3.0,3.0,5.0,5.0,1.0,7.0,2.0,7.0,5.0,7.0,1.0,6.0,1.0,7.0,7.0,1.0,1.0,4.0,7.0,7.0,1.0,7.0,7.0,1.0,1.0,7.0,7.0,7.0,1.0
126,3,2002,2,,13.0,1.0,"3,8,19",2.0,5.0,5.0,4.0,4.0,4.0,4.0,5.0,5.0,5.0,3.0,5.0,3.0,4.0,5.0,2.0,6.0,5.0,5.0,1.0,3.0,2.0,6.0,4.0,1.0,1.0,4.0,6.0,2.0,2.0,4.0,5.0,2.0,1.0,4.0,5.0,2.0,2.0
127,185,1980,2,,11.0,26.0,"11,15,19",2.0,3.0,4.0,5.0,4.0,4.0,4.0,5.0,5.0,4.0,2.0,4.0,3.0,1.0,6.0,2.0,7.0,5.0,6.0,5.0,7.0,6.0,3.0,4.0,6.0,3.0,2.0,4.0,6.0,3.0,2.0,4.0,6.0,4.0,4.0,3.0,6.0,3.0
128,185,1984,2,,8.0,17.0,"13,17,19",4.0,4.0,4.0,4.0,4.0,4.0,3.0,5.0,5.0,4.0,3.0,5.0,6.0,1.0,7.0,4.0,6.0,3.0,6.0,1.0,7.0,4.0,6.0,5.0,5.0,1.0,5.0,5.0,4.0,1.0,6.0,3.0,4.0,1.0,6.0,6.0,4.0,1.0
129,185,1988,1,,,15.0,6,4.0,4.0,5.0,5.0,5.0,5.0,4.0,5.0,4.0,5.0,5.0,5.0,7.0,5.0,5.0,3.0,7.0,1.0,4.0,4.0,5.0,2.0,6.0,5.0,4.0,3.0,6.0,7.0,1.0,2.0,4.0,5.0,2.0,2.0,6.0,6.0,2.0,2.0
130,36,2001,1,,17.0,0.0,19,1.0,4.0,5.0,4.0,4.0,4.0,3.0,4.0,3.0,4.0,4.0,4.0,3.0,1.0,6.0,5.0,4.0,5.0,6.0,2.0,6.0,2.0,5.0,5.0,5.0,4.0,5.0,5.0,6.0,6.0,6.0,5.0,5.0,4.0,6.0,6.0,6.0,4.0
131,156,1988,2,,8.0,12.0,"9,11",4.0,4.0,3.0,3.0,2.0,2.0,4.0,3.0,4.0,5.0,1.0,5.0,5.0,2.0,7.0,1.0,7.0,2.0,6.0,2.0,5.0,3.0,5.0,7.0,2.0,1.0,5.0,6.0,1.0,4.0,5.0,7.0,1.0,1.0,5.0,4.0,1.0,1.0
132,78,1990,1,,17.0,12.0,"11,19",4.0,5.0,5.0,5.0,5.0,5.0,5.0,5.0,4.0,4.0,4.0,5.0,7.0,3.0,7.0,3.0,7.0,3.0,5.0,1.0,6.0,2.0,7.0,7.0,4.0,2.0,5.0,5.0,5.0,2.0,4.0,2.0,4.0,3.0,5.0,5.0,5.0,4.0
133,136,1984,1,,24.0,16.0,"3,4,11",4.0,3.0,4.0,4.0,3.0,5.0,2.0,4.0,3.0,5.0,3.0,3.0,6.0,3.0,6.0,4.0,7.0,1.0,6.0,4.0,4.0,2.0,5.0,7.0,5.0,6.0,7.0,7.0,7.0,1.0,7.0,7.0,,1.0,6.0,6.0,7.0,1.0
134,179,1982,1,,17.0,4.0,"10,19",3.0,3.0,4.0,4.0,4.0,4.0,3.0,4.0,3.0,3.0,2.0,4.0,3.0,6.0,6.0,4.0,6.0,4.0,4.0,2.0,5.0,3.0,5.0,5.0,5.0,3.0,5.0,6.0,3.0,3.0,5.0,3.0,5.0,4.0,5.0,5.0,5.0,3.0
135,192,1995,1,,,6.0,"3,7",4.0,5.0,5.0,4.0,3.0,4.0,4.0,4.0,5.0,4.0,4.0,4.0,1.0,5.0,6.0,2.0,6.0,7.0,6.0,2.0,4.0,2.0,5.0,6.0,7.0,2.0,4.0,5.0,6.0,2.0,4.0,3.0,4.0,3.0,5.0,5.0,6.0,3.0
136,185,1974,1,,17.0,,"9,10,11,13",4.0,5.0,5.0,,4.0,4.0,4.0,5.0,5.0,5.0,4.0,4.0,4.0,1.0,7.0,1.0,7.0,2.0,7.0,2.0,7.0,3.0,6.0,4.0,7.0,6.0,4.0,4.0,4.0,5.0,4.0,4.0,7.0,4.0,4.0,4.0,4.0,4.0
137,126,1991,2,,24.0,3.0,"7,14,16,19",2.0,5.0,2.0,5.0,5.0,5.0,4.0,5.0,5.0,4.0,4.0,5.0,7.0,1.0,7.0,1.0,7.0,7.0,7.0,1.0,7.0,1.0,6.0,6.0,1.0,1.0,6.0,6.0,6.0,1.0,6.0,7.0,1.0,1.0,6.0,7.0,6.0,1.0
138,116,2001,1,,17.0,1.0,"8,16",3.0,4.0,5.0,4.0,3.0,2.0,4.0,5.0,5.0,4.0,4.0,5.0,4.0,6.0,6.0,4.0,6.0,6.0,5.0,4.0,6.0,2.0,7.0,7.0,1.0,1.0,6.0,6.0,4.0,1.0,7.0,7.0,1.0,1.0,7.0,7.0,5.0,1.0
139,126,2000,1,,6.0,1.0,19,2.0,4.0,5.0,5.0,5.0,5.0,5.0,5.0,5.0,5.0,5.0,5.0,5.0,1.0,6.0,3.0,7.0,6.0,6.0,1.0,7.0,1.0,6.0,4.0,5.0,1.0,6.0,6.0,6.0,1.0,5.0,7.0,1.0,1.0,6.0,5.0,5.0,1.0
140,185,1988,2,,8.0,15.0,"7,11,14,15,16",4.0,4.0,4.0,4.0,4.0,3.0,4.0,4.0,4.0,5.0,2.0,4.0,6.0,4.0,5.0,5.0,6.0,2.0,5.0,4.0,3.0,3.0,5.0,5.0,7.0,4.0,3.0,5.0,7.0,4.0,3.0,1.0,7.0,4.0,4.0,4.0,7.0,2.0
141,36,2001,1,,17.0,0.0,,1.0,3.0,3.0,3.0,3.0,3.0,3.0,3.0,3.0,3.0,3.0,3.0,1.0,1.0,1.0,7.0,1.0,7.0,1.0,7.0,7.0,7.0,4.0,4.0,4.0,4.0,4.0,4.0,4.0,4.0,4.0,4.0,4.0,4.0,4.0,4.0,4.0,4.0
142,87,1994,2,,8.0,6.0,"14,17",2.0,4.0,5.0,4.0,3.0,3.0,4.0,5.0,5.0,4.0,3.0,5.0,5.0,5.0,4.0,5.0,6.0,3.0,6.0,4.0,5.0,1.0,4.0,4.0,7.0,1.0,5.0,6.0,7.0,3.0,4.0,1.0,7.0,1.0,5.0,6.0,7.0,1.0
143,185,1990,1,,4.0,,"8,11",3.0,3.0,5.0,4.0,3.0,4.0,3.0,5.0,4.0,3.0,3.0,5.0,2.0,1.0,7.0,3.0,7.0,4.0,7.0,1.0,7.0,1.0,5.0,4.0,6.0,1.0,4.0,4.0,7.0,2.0,4.0,1.0,6.0,1.0,5.0,4.0,6.0,1.0
144,14,1995,2,,24.0,3.0,"10,11,19",2.0,5.0,5.0,5.0,4.0,5.0,4.0,5.0,4.0,4.0,3.0,5.0,5.0,3.0,,6.0,7.0,1.0,7.0,1.0,7.0,5.0,7.0,7.0,1.0,1.0,7.0,7.0,1.0,1.0,7.0,6.0,2.0,1.0,7.0,7.0,1.0,2.0
145,185,2002,1,,28.0,5.0,"7,9",2.0,4.0,5.0,4.0,3.0,4.0,4.0,4.0,4.0,4.0,3.0,5.0,4.0,2.0,5.0,2.0,5.0,3.0,4.0,2.0,6.0,3.0,4.0,5.0,6.0,3.0,5.0,5.0,5.0,2.0,4.0,3.0,2.0,2.0,4.0,4.0,3.0,2.0
146,185,1979,2,,30.0,6.0,13,3.0,3.0,5.0,4.0,4.0,4.0,4.0,4.0,4.0,4.0,3.0,4.0,2.0,2.0,6.0,2.0,7.0,6.0,7.0,1.0,6.0,2.0,4.0,5.0,5.0,6.0,2.0,6.0,6.0,2.0,2.0,6.0,6.0,2.0,4.0,7.0,7.0,2.0
147,185,1983,1,,14.0,13.0,16,4.0,4.0,4.0,4.0,4.0,4.0,3.0,4.0,4.0,3.0,3.0,5.0,4.0,5.0,6.0,5.0,5.0,4.0,6.0,4.0,5.0,4.0,3.0,4.0,7.0,1.0,4.0,4.0,7.0,3.0,3.0,3.0,7.0,3.0,3.0,4.0,7.0,1.0
148,164,1983,1,,15.0,15.0,4,4.0,5.0,5.0,5.0,5.0,5.0,2.0,4.0,4.0,3.0,3.0,5.0,7.0,5.0,7.0,2.0,7.0,4.0,5.0,1.0,6.0,2.0,6.0,7.0,5.0,,6.0,7.0,7.0,5.0,7.0,5.0,2.0,2.0,7.0,7.0,7.0,2.0
149,164,1993,1,,24.0,9.0,11,3.0,5.0,5.0,5.0,5.0,5.0,5.0,4.0,5.0,5.0,5.0,5.0,6.0,6.0,6.0,4.0,7.0,3.0,5.0,1.0,5.0,2.0,5.0,6.0,2.0,2.0,4.0,6.0,4.0,1.0,4.0,4.0,2.0,2.0,6.0,6.0,4.0,2.0
150,185,2000,1,,14.0,1.0,"9,14",1.0,4.0,5.0,4.0,4.0,5.0,4.0,4.0,4.0,5.0,3.0,5.0,2.0,6.0,5.0,4.0,6.0,5.0,4.0,2.0,6.0,4.0,5.0,6.0,5.0,1.0,2.0,7.0,1.0,1.0,2.0,1.0,1.0,1.0,2.0,6.0,1.0,1.0
151,185,1996,1,,8.0,5.0,13,4.0,4.0,4.0,4.0,4.0,3.0,3.0,5.0,5.0,4.0,3.0,5.0,3.0,1.0,7.0,4.0,6.0,6.0,7.0,1.0,7.0,4.0,3.0,3.0,7.0,1.0,3.0,4.0,7.0,4.0,3.0,1.0,7.0,4.0,3.0,4.0,6.0,2.0
152,14,1999,1,,15.0,2.0,16,3.0,3.0,4.0,4.0,4.0,4.0,3.0,5.0,5.0,3.0,3.0,5.0,5.0,2.0,6.0,3.0,7.0,7.0,2.0,2.0,7.0,7.0,7.0,7.0,7.0,7.0,7.0,7.0,7.0,2.0,3.0,6.0,4.0,1.0,2.0,7.0,7.0,1.0
153,126,1976,2,,33.0,,11,2.0,5.0,5.0,4.0,5.0,5.0,3.0,5.0,5.0,4.0,3.0,5.0,6.0,1.0,,5.0,7.0,3.0,7.0,1.0,7.0,5.0,5.0,6.0,4.0,1.0,5.0,5.0,4.0,1.0,5.0,4.0,1.0,1.0,5.0,6.0,4.0,1.0
154,130,1998,1,,17.0,4.0,"10,16",4.0,5.0,5.0,5.0,5.0,4.0,5.0,5.0,5.0,5.0,3.0,5.0,5.0,2.0,6.0,2.0,7.0,4.0,6.0,1.0,6.0,1.0,5.0,6.0,4.0,1.0,4.0,4.0,4.0,1.0,6.0,6.0,1.0,1.0,5.0,5.0,4.0,2.0
155,179,1969,2,,30.0,30.0,"11,16",4.0,5.0,5.0,5.0,4.0,4.0,4.0,5.0,5.0,4.0,4.0,5.0,6.0,7.0,7.0,4.0,7.0,6.0,6.0,1.0,,1.0,7.0,7.0,4.0,1.0,7.0,7.0,4.0,1.0,4.0,4.0,1.0,1.0,7.0,7.0,4.0,1.0
156,164,2001,1,,24.0,1.0,3,2.0,5.0,4.0,4.0,4.0,5.0,4.0,5.0,4.0,3.0,4.0,4.0,7.0,6.0,7.0,4.0,7.0,5.0,6.0,3.0,6.0,1.0,6.0,6.0,4.0,2.0,5.0,6.0,5.0,3.0,5.0,5.0,3.0,3.0,6.0,6.0,3.0,3.0
157,164,1986,1,,24.0,,"11,14",3.0,5.0,5.0,5.0,5.0,2.0,2.0,5.0,5.0,5.0,2.0,5.0,4.0,4.0,7.0,1.0,7.0,1.0,1.0,1.0,7.0,1.0,7.0,7.0,1.0,1.0,3.0,5.0,1.0,1.0,5.0,2.0,1.0,1.0,5.0,7.0,1.0,2.0
158,78,1995,1,,15.0,5.0,10,2.0,5.0,5.0,4.0,5.0,4.0,5.0,4.0,4.0,4.0,4.0,5.0,7.0,2.0,3.0,4.0,7.0,5.0,4.0,1.0,7.0,1.0,6.0,6.0,2.0,1.0,5.0,7.0,4.0,2.0,7.0,7.0,1.0,1.0,6.0,7.0,7.0,1.0
159,30,1991,2,,24.0,2.0,19,2.0,5.0,5.0,,,5.0,5.0,,,,,,7.0,,,,,,,,,,,,,,,,,,,,,,,,,
160,185,2001,1,,14.0,0.0,,3.0,5.0,5.0,4.0,5.0,5.0,4.0,5.0,5.0,3.0,3.0,5.0,6.0,7.0,6.0,4.0,7.0,5.0,6.0,4.0,6.0,4.0,6.0,4.0,4.0,1.0,5.0,6.0,4.0,1.0,5.0,6.0,1.0,1.0,6.0,6.0,1.0,1.0
161,53,2000,1,,17.0,0.0,"3,19",4.0,4.0,4.0,4.0,3.0,4.0,5.0,5.0,5.0,5.0,4.0,5.0,6.0,6.0,7.0,4.0,7.0,4.0,4.0,2.0,6.0,1.0,6.0,5.0,7.0,6.0,4.0,5.0,7.0,3.0,4.0,2.0,6.0,3.0,4.0,6.0,6.0,5.0
162,118,1995,1,,17.0,5.0,10,3.0,5.0,5.0,4.0,4.0,5.0,4.0,5.0,5.0,5.0,5.0,5.0,4.0,3.0,7.0,3.0,7.0,6.0,7.0,2.0,6.0,1.0,7.0,7.0,4.0,1.0,6.0,7.0,,1.0,6.0,7.0,1.0,1.0,7.0,7.0,6.0,1.0
163,185,1991,1,,21.0,10.0,"10,16,19",3.0,5.0,5.0,4.0,4.0,4.0,3.0,5.0,4.0,4.0,3.0,5.0,6.0,1.0,5.0,2.0,7.0,4.0,5.0,1.0,6.0,3.0,5.0,6.0,5.0,2.0,5.0,6.0,4.0,4.0,5.0,4.0,4.0,2.0,5.0,5.0,4.0,3.0
164,164,1994,1,,17.0,6.0,10,2.0,5.0,5.0,5.0,5.0,5.0,5.0,5.0,5.0,5.0,5.0,5.0,7.0,4.0,7.0,1.0,7.0,4.0,7.0,1.0,7.0,2.0,7.0,5.0,1.0,1.0,7.0,7.0,1.0,3.0,7.0,5.0,1.0,1.0,7.0,7.0,1.0,3.0
165,179,1984,1,,24.0,9.0,"8,10",2.0,4.0,5.0,4.0,3.0,4.0,4.0,5.0,5.0,5.0,4.0,4.0,4.0,1.0,6.0,5.0,6.0,4.0,7.0,1.0,6.0,5.0,7.0,7.0,3.0,1.0,7.0,7.0,3.0,1.0,7.0,7.0,1.0,1.0,7.0,7.0,1.0,1.0
166,104,1998,2,,24.0,2.5,11,4.0,5.0,5.0,5.0,5.0,5.0,5.0,5.0,5.0,5.0,5.0,5.0,7.0,1.0,7.0,1.0,7.0,1.0,7.0,1.0,7.0,1.0,7.0,7.0,4.0,4.0,4.0,7.0,4.0,4.0,7.0,7.0,4.0,4.0,7.0,7.0,4.0,4.0
167,130,1995,1,,15.0,3.0,10,2.0,4.0,3.0,3.0,3.0,4.0,4.0,4.0,5.0,3.0,4.0,5.0,6.0,6.0,,1.0,6.0,3.0,6.0,1.0,6.0,1.0,6.0,6.0,6.0,1.0,6.0,6.0,2.0,2.0,6.0,6.0,2.0,2.0,6.0,6.0,2.0,1.0
168,185,2001,2,,24.0,3.0,"9,14",3.0,4.0,5.0,4.0,3.0,3.0,4.0,4.0,4.0,4.0,3.0,4.0,4.0,5.0,6.0,6.0,4.0,5.0,6.0,5.0,4.0,5.0,,,,,,,,,,,,,,,,
169,168,1977,1,,19.0,20.0,"9,10,13,14,18,19",4.0,2.0,2.0,2.0,2.0,3.0,4.0,4.0,4.0,5.0,3.0,4.0,2.0,3.0,6.0,5.0,6.0,7.0,6.0,4.0,5.0,4.0,4.0,4.0,7.0,5.0,4.0,5.0,7.0,3.0,4.0,4.0,7.0,4.0,5.0,5.0,7.0,3.0
170,130,1987,1,,17.0,10.0,"10,11,12,16",3.0,2.0,5.0,4.0,2.0,3.0,4.0,4.0,4.0,3.0,4.0,5.0,3.0,3.0,3.0,3.0,5.0,6.0,5.0,3.0,2.0,3.0,6.0,5.0,7.0,1.0,4.0,5.0,5.0,1.0,6.0,4.0,4.0,4.0,2.0,5.0,5.0,2.0
171,78,2001,1,,15.0,0.0,,4.0,4.0,5.0,5.0,3.0,4.0,4.0,5.0,5.0,4.0,4.0,5.0,7.0,6.0,7.0,3.0,6.0,4.0,5.0,1.0,5.0,2.0,6.0,7.0,7.0,1.0,4.0,6.0,7.0,1.0,4.0,4.0,6.0,1.0,5.0,7.0,7.0,1.0
172,126,2001,1,,35.0,1.0,5,2.0,4.0,4.0,4.0,3.0,4.0,3.0,3.0,4.0,4.0,4.0,4.0,3.0,2.0,5.0,2.0,5.0,6.0,4.0,5.0,6.0,4.0,6.0,4.0,7.0,3.0,5.0,5.0,5.0,2.0,5.0,4.0,4.0,3.0,5.0,5.0,6.0,3.0
173,192,1998,1,,17.0,2.0,13,2.0,4.0,5.0,5.0,4.0,5.0,4.0,5.0,5.0,4.0,3.0,4.0,6.0,6.0,6.0,4.0,5.0,6.0,5.0,1.0,6.0,3.0,7.0,4.0,4.0,1.0,3.0,6.0,7.0,1.0,3.0,4.0,1.0,1.0,6.0,7.0,7.0,1.0
174,36,2002,1,,17.0,0.0,,1.0,3.0,3.0,3.0,3.0,3.0,3.0,3.0,3.0,3.0,3.0,3.0,1.0,1.0,7.0,1.0,1.0,7.0,7.0,7.0,7.0,7.0,4.0,4.0,4.0,4.0,4.0,4.0,7.0,4.0,4.0,4.0,4.0,4.0,4.0,4.0,4.0,4.0
175,126,1996,2,,24.0,,11,2.0,4.0,5.0,5.0,4.0,4.0,3.0,5.0,4.0,4.0,5.0,4.0,6.0,4.0,7.0,5.0,6.0,4.0,7.0,3.0,7.0,2.0,6.0,7.0,7.0,1.0,6.0,7.0,7.0,4.0,6.0,6.0,4.0,4.0,7.0,7.0,6.0,2.0
176,126,1980,2,,14.0,16.0,11,4.0,5.0,5.0,5.0,3.0,5.0,5.0,5.0,5.0,5.0,5.0,5.0,7.0,4.0,7.0,5.0,6.0,7.0,4.0,4.0,6.0,3.0,6.0,1.0,7.0,6.0,6.0,6.0,6.0,4.0,4.0,4.0,4.0,1.0,6.0,6.0,6.0,6.0
177,126,2001,2,,24.0,1.7,"11,14",2.0,5.0,4.0,4.0,4.0,5.0,5.0,5.0,5.0,4.0,3.0,4.0,4.0,1.0,6.0,1.0,7.0,7.0,7.0,1.0,6.0,3.0,6.0,6.0,7.0,1.0,5.0,6.0,6.0,1.0,5.0,4.0,4.0,1.0,5.0,6.0,6.0,1.0
178,9,1977,2,,23.0,,"10,16,18,19",2.0,4.0,3.0,4.0,4.0,4.0,4.0,4.0,4.0,4.0,2.0,4.0,3.0,3.0,6.0,2.0,6.0,4.0,5.0,3.0,6.0,2.0,6.0,6.0,7.0,1.0,4.0,6.0,7.0,1.0,5.0,1.0,7.0,1.0,4.0,7.0,7.0,1.0
179,185,2001,1,,17.0,5.0,7,4.0,2.0,2.0,2.0,2.0,3.0,5.0,4.0,4.0,4.0,3.0,4.0,2.0,5.0,7.0,1.0,5.0,5.0,6.0,2.0,7.0,3.0,1.0,2.0,7.0,6.0,1.0,2.0,7.0,6.0,1.0,1.0,7.0,6.0,1.0,1.0,7.0,5.0
180,78,2000,1,,15.0,1.0,14,3.0,5.0,5.0,5.0,4.0,5.0,4.0,5.0,5.0,4.0,5.0,5.0,6.0,4.0,5.0,2.0,7.0,6.0,4.0,1.0,6.0,2.0,6.0,7.0,5.0,1.0,3.0,7.0,6.0,1.0,5.0,7.0,1.0,1.0,6.0,6.0,7.0,1.0
181,126,1976,2,,24.0,,"10,11",4.0,4.0,4.0,4.0,4.0,3.0,4.0,5.0,5.0,4.0,3.0,4.0,6.0,3.0,6.0,4.0,6.0,1.0,6.0,3.0,4.0,3.0,5.0,5.0,5.0,1.0,5.0,5.0,3.0,2.0,6.0,2.0,2.0,2.0,5.0,5.0,2.0,2.0
182,164,2000,2,,24.0,2.0,11,4.0,5.0,5.0,5.0,4.0,4.0,4.0,4.0,4.0,4.0,3.0,5.0,4.0,3.0,7.0,6.0,7.0,5.0,6.0,2.0,3.0,5.0,6.0,7.0,4.0,1.0,5.0,6.0,6.0,2.0,5.0,7.0,2.0,2.0,6.0,6.0,6.0,2.0
183,192,1997,2,,24.0,4.0,"11,19",2.0,4.0,5.0,,3.0,4.0,4.0,4.0,5.0,5.0,4.0,4.0,3.0,2.0,5.0,1.0,7.0,4.0,5.0,1.0,3.0,2.0,4.0,5.0,5.0,2.0,4.0,5.0,5.0,1.0,4.0,1.0,4.0,4.0,4.0,4.0,3.0,2.0
184,172,2001,1,,24.0,0.0,,2.0,4.0,5.0,5.0,5.0,5.0,4.0,4.0,4.0,4.0,4.0,5.0,3.0,5.0,6.0,1.0,6.0,4.0,7.0,1.0,5.0,3.0,7.0,5.0,4.0,2.0,7.0,7.0,5.0,2.0,6.0,5.0,1.0,1.0,5.0,5.0,3.0,1.0
185,185,2001,1,,8.0,1.0,19,2.0,4.0,4.0,4.0,3.0,4.0,4.0,4.0,4.0,4.0,4.0,4.0,5.0,5.0,6.0,4.0,5.0,5.0,5.0,2.0,5.0,5.0,5.0,5.0,5.0,2.0,5.0,5.0,5.0,2.0,5.0,5.0,5.0,2.0,5.0,5.0,5.0,2.0
186,80,1995,2,,15.0,6.0,13,3.0,4.0,4.0,5.0,4.0,2.0,5.0,5.0,5.0,4.0,3.0,5.0,7.0,6.0,7.0,3.0,7.0,3.0,6.0,3.0,4.0,1.0,6.0,7.0,5.0,1.0,6.0,7.0,5.0,2.0,4.0,7.0,1.0,1.0,7.0,7.0,4.0,1.0
187,185,1997,2,,14.0,10.0,"14,16,18",2.0,4.0,4.0,5.0,3.0,4.0,3.0,5.0,4.0,4.0,2.0,4.0,5.0,2.0,6.0,1.0,6.0,5.0,6.0,2.0,7.0,3.0,6.0,6.0,6.0,2.0,4.0,5.0,4.0,2.0,5.0,5.0,2.0,2.0,5.0,6.0,3.0,1.0
188,53,1986,1,,15.0,10.0,6,2.0,4.0,4.0,4.0,4.0,4.0,5.0,4.0,4.0,5.0,4.0,5.0,5.0,3.0,7.0,2.0,4.0,7.0,5.0,5.0,5.0,6.0,6.0,6.0,7.0,2.0,4.0,6.0,7.0,3.0,4.0,5.0,4.0,2.0,5.0,6.0,7.0,4.0
189,164,1987,2,,15.0,7.0,"13,14",2.0,5.0,4.0,5.0,2.0,4.0,3.0,5.0,5.0,4.0,5.0,5.0,7.0,1.0,6.0,1.0,7.0,2.0,1.0,1.0,5.0,1.0,7.0,6.0,7.0,4.0,6.0,6.0,7.0,6.0,1.0,1.0,1.0,1.0,7.0,7.0,7.0,2.0
190,3,1996,1,,,1.0,6,2.0,5.0,5.0,5.0,5.0,5.0,5.0,4.0,4.0,4.0,4.0,4.0,5.0,5.0,6.0,2.0,5.0,6.0,6.0,3.0,7.0,3.0,7.0,7.0,5.0,1.0,6.0,6.0,6.0,1.0,6.0,6.0,1.0,1.0,6.0,6.0,6.0,1.0
191,164,1996,2,,24.0,2.0,11,4.0,5.0,5.0,4.0,4.0,4.0,4.0,5.0,4.0,3.0,3.0,4.0,5.0,4.0,6.0,3.0,5.0,3.0,6.0,2.0,6.0,2.0,5.0,4.0,4.0,1.0,5.0,5.0,2.0,2.0,6.0,4.0,1.0,3.0,4.0,6.0,4.0,3.0
192,80,1988,1,,15.0,7.0,"4,6,12",3.0,5.0,5.0,5.0,5.0,5.0,5.0,5.0,5.0,5.0,5.0,5.0,7.0,,7.0,6.0,7.0,,7.0,1.0,7.0,,6.0,6.0,7.0,6.0,7.0,7.0,6.0,,,6.0,,,6.0,7.0,6.0,
193,164,1996,2,,14.0,1.0,3,2.0,4.0,5.0,4.0,5.0,3.0,5.0,3.0,4.0,2.0,4.0,4.0,5.0,4.0,5.0,7.0,5.0,7.0,5.0,2.0,5.0,1.0,3.0,6.0,7.0,1.0,4.0,4.0,7.0,1.0,4.0,1.0,4.0,1.0,4.0,6.0,2.0,1.0
194,78,1996,1,,24.0,,6,2.0,4.0,5.0,3.0,3.0,2.0,4.0,5.0,5.0,3.0,5.0,5.0,6.0,1.0,7.0,1.0,7.0,6.0,5.0,2.0,6.0,2.0,6.0,6.0,1.0,1.0,6.0,7.0,7.0,1.0,6.0,7.0,1.0,1.0,6.0,7.0,1.0,1.0
195,78,1997,1,,15.0,2.7,"12,19",2.0,5.0,5.0,5.0,4.0,4.0,5.0,5.0,5.0,3.0,4.0,5.0,6.0,2.0,7.0,2.0,7.0,3.0,4.0,1.0,6.0,1.0,7.0,7.0,4.0,1.0,5.0,6.0,6.0,1.0,7.0,7.0,1.0,1.0,5.0,7.0,7.0,1.0
196,126,1991,1,,17.0,5.0,"3,7,9,19",2.0,5.0,5.0,5.0,5.0,5.0,5.0,5.0,5.0,4.0,5.0,5.0,6.0,1.0,6.0,1.0,7.0,5.0,6.0,1.0,7.0,2.0,7.0,7.0,3.0,2.0,6.0,7.0,6.0,1.0,7.0,7.0,1.0,1.0,7.0,7.0,6.0,1.0
197,126,1997,2,,20.0,2.0,14,2.0,5.0,5.0,5.0,4.0,5.0,4.0,5.0,5.0,4.0,5.0,5.0,7.0,,7.0,1.0,7.0,5.0,6.0,1.0,4.0,2.0,7.0,7.0,6.0,1.0,7.0,7.0,6.0,1.0,7.0,4.0,4.0,1.0,7.0,7.0,1.0,1.0
198,185,2000,2,,8.0,2.5,"7,9",2.0,2.0,5.0,2.0,3.0,5.0,5.0,5.0,5.0,5.0,5.0,5.0,5.0,6.0,7.0,7.0,7.0,5.0,7.0,2.0,6.0,3.0,5.0,7.0,4.0,4.0,4.0,5.0,7.0,5.0,2.0,1.0,6.0,4.0,1.0,4.0,7.0,5.0
199,104,2000,2,,24.0,,11,2.0,4.0,4.0,4.0,4.0,4.0,4.0,4.0,4.0,4.0,4.0,4.0,4.0,4.0,5.0,4.0,5.0,5.0,5.0,4.0,5.0,4.0,5.0,5.0,5.0,3.0,5.0,5.0,5.0,5.0,5.0,5.0,4.0,2.0,5.0,5.0,5.0,5.0
200,185,2001,2,,20.0,,11,3.0,4.0,4.0,4.0,4.0,5.0,3.0,5.0,5.0,4.0,3.0,5.0,3.0,2.0,5.0,4.0,5.0,6.0,5.0,1.0,6.0,3.0,4.0,6.0,7.0,1.0,5.0,5.0,6.0,1.0,5.0,6.0,5.0,3.0,3.0,4.0,3.0,3.0
201,36,2002,1,,17.0,0.0,,1.0,2.0,2.0,2.0,3.0,4.0,3.0,4.0,3.0,2.0,3.0,4.0,2.0,2.0,2.0,2.0,2.0,4.0,3.0,2.0,5.0,5.0,7.0,,,,,,,,,,,,,,,
202,80,1992,2,,15.0,6.0,13,4.0,1.0,1.0,1.0,2.0,2.0,2.0,3.0,1.0,1.0,1.0,1.0,5.0,3.0,1.0,1.0,7.0,2.0,5.0,1.0,7.0,2.0,6.0,4.0,2.0,2.0,7.0,7.0,1.0,1.0,7.0,1.0,1.0,1.0,7.0,7.0,2.0,2.0
203,130,1994,1,,15.0,4.0,19,2.0,1.0,1.0,5.0,5.0,5.0,4.0,5.0,5.0,5.0,5.0,5.0,7.0,1.0,7.0,1.0,7.0,2.0,7.0,1.0,7.0,1.0,7.0,7.0,7.0,1.0,7.0,7.0,7.0,1.0,3.0,7.0,1.0,1.0,7.0,7.0,7.0,1.0
204,78,1999,1,,15.0,1.0,"1,16",2.0,5.0,5.0,4.0,4.0,4.0,5.0,4.0,4.0,5.0,4.0,5.0,6.0,4.0,5.0,3.0,6.0,5.0,3.0,3.0,6.0,2.0,6.0,7.0,6.0,2.0,6.0,7.0,6.0,2.0,6.0,4.0,1.0,1.0,7.0,7.0,7.0,2.0
205,118,2001,2,,24.0,2.0,"11,14",3.0,4.0,4.0,4.0,4.0,4.0,2.0,4.0,4.0,4.0,2.0,4.0,3.0,6.0,5.0,6.0,6.0,3.0,5.0,5.0,2.0,4.0,5.0,4.0,7.0,3.0,3.0,4.0,6.0,3.0,3.0,4.0,6.0,2.0,4.0,3.0,6.0,3.0
206,179,1999,2,,15.0,1.0,"6,7",3.0,5.0,5.0,1.0,4.0,4.0,4.0,5.0,4.0,5.0,4.0,5.0,6.0,6.0,7.0,4.0,6.0,3.0,6.0,1.0,5.0,3.0,6.0,6.0,6.0,1.0,6.0,6.0,5.0,3.0,5.0,5.0,4.0,1.0,6.0,6.0,4.0,2.0
207,126,1994,1,,20.0,3.0,10,4.0,5.0,5.0,5.0,5.0,5.0,3.0,5.0,3.0,3.0,3.0,5.0,7.0,3.0,4.0,1.0,7.0,1.0,6.0,2.0,7.0,1.0,5.0,6.0,7.0,1.0,1.0,6.0,7.0,1.0,1.0,5.0,5.0,1.0,5.0,5.0,7.0,1.0
208,78,1992,1,,25.0,10.0,"11,17",4.0,5.0,5.0,5.0,3.0,4.0,5.0,5.0,5.0,5.0,5.0,5.0,7.0,1.0,4.0,2.0,7.0,1.0,6.0,1.0,7.0,1.0,6.0,1.0,7.0,1.0,6.0,7.0,7.0,6.0,7.0,5.0,1.0,1.0,6.0,7.0,5.0,1.0
209,14,1996,2,,24.0,4.0,11,3.0,4.0,4.0,4.0,4.0,4.0,5.0,5.0,5.0,5.0,3.0,5.0,7.0,1.0,7.0,3.0,7.0,1.0,7.0,1.0,6.0,2.0,6.0,6.0,2.0,2.0,2.0,6.0,2.0,2.0,4.0,6.0,1.0,2.0,5.0,7.0,7.0,1.0
210,164,1996,2,,17.0,1.0,13,2.0,2.0,2.0,2.0,2.0,2.0,2.0,2.0,2.0,2.0,3.0,2.0,6.0,1.0,6.0,1.0,6.0,4.0,5.0,2.0,6.0,3.0,3.0,3.0,3.0,3.0,3.0,3.0,3.0,3.0,3.0,3.0,3.0,3.0,3.0,3.0,3.0,3.0
211,118,1998,2,,17.0,1.0,19,3.0,5.0,5.0,4.0,4.0,5.0,5.0,5.0,5.0,5.0,5.0,5.0,7.0,1.0,6.0,1.0,6.0,5.0,7.0,2.0,6.0,2.0,7.0,6.0,3.0,2.0,6.0,7.0,7.0,1.0,6.0,7.0,1.0,1.0,6.0,7.0,6.0,1.0
212,187,2001,1,,17.0,2.0,"10,11,17,19",4.0,4.0,4.0,4.0,4.0,4.0,4.0,4.0,5.0,5.0,3.0,5.0,6.0,5.0,7.0,1.0,7.0,6.0,6.0,2.0,7.0,1.0,6.0,6.0,1.0,1.0,4.0,6.0,1.0,1.0,4.0,7.0,1.0,1.0,5.0,7.0,5.0,1.0
