Q12,Q14,Q10,Q16,Unnamed: 9,Unnamed: 10,Student Activity by Day in hours,Unnamed: 12,Unnamed: 13,Unnamed: 14,Unnamed: 15,Unnamed: 16,Unnamed: 17,Avg course & student time &logins,Unnamed: 19,Unnamed: 20,Unnamed: 21,Student Activity by Item in the Course total time spent in hours,Unnamed: 23,Unnamed: 24,Unnamed: 25,Unnamed: 26,Number of Times Accessed,Unnamed: 28,Unnamed: 29,Unnamed: 30,Unnamed: 31,Unnamed: 32,Unnamed: 33,Unnamed: 34,Unnamed: 35,Initial Access Date/Time,Unnamed: 37,Unnamed: 38,Unnamed: 39,Unnamed: 40,Unnamed: 41,Unnamed: 42
List of Countries,"What is your year of birth (Just the year, e.g. 1995) ?",How do you describe yourself? - Selected Choice,What is your first degree subject area?,Student ID,Date Range- Week 2,Monday,Tuesday,Wednesday,Thursday,Friday,Saturday,Sunday,Student Time in Course,Avg Time Per User,Total items:,Total Logins,Assignments,Learning Materials,Module Information (Handbook(,Reading List,Week 1,Week 2,week 3 ,Assignments,Learning Materials,Module Information (Handbook),Reading List,Week 1,Week 2 ,Week 3,Assignments,Learning Materials,Module Information (Handbook),Reading List,Week 1,Week 2,week 3
Nigeria,1996,Male,"CAH13-01	Architecture, building and planning",1,10/10/22 - 16/10/22,0.15722166666666668,2.300555,0,0,0,0,0,02:27:28,02:21:13,3,5,0,0.6811116666666667,0,0,0.006111666666666666,1.7591666666666665,0,0,0,3,0,1,2,0,,2022-10-10 14:16:49.242000,,,2022-10-10 14:25:20.527000,2022-10-10 14:16:55.852000,
Nigeria,1996,Male,CAH07-02	Chemistry,2,10/10/22 - 16/10/22,0.08527833333333333,1.9241666666666668,0,0,0,0,0,02:00:34,02:21:13,3,4,0,0.001945,0.0011116666666666666,0,0,0.01638833333333333,0,0,2,1,0,1,0,0,,2022-10-10 16:07:41.250000,2022-10-10 16:09:02.015000,,,2022-10-10 16:07:44.741000,
Nigeria,1990,Female,CAH15-02	Economics,3,10/10/22 - 16/10/22,0.7958333333333333,2.403888333333333,0,0,0,0,0.013611666666666668,03:12:48,02:21:13,3,6,0,0.006390000000000001,0.0033333333333333335,0,0,0.5608333333333333,0,0,4,2,0,0,4,0,,2022-10-10 20:32:28.517000,2022-10-10 20:32:20.105000,,,2022-10-10 20:32:35.934000,
Nigeria,1991,Male,CAH15-02	Economics,4,10/10/22 - 16/10/22,0,0,0,0,0.06111166666666667,0,0,00:03:40,02:21:13,2,2,0,0.0013883333333333332,0,0,0,0.05777833333333334,0,0,1,0,0,0,1,0,,2022-10-14 12:27:18.186000,,,,2022-10-14 12:27:22.967000,
Pakistan,1998,Male,CAH17-01	Business and management,5,10/10/22 - 16/10/22,0.3375,3.0891666666666664,0,0,0,0,0,03:25:36,02:21:13,5,6,0,0.003888333333333333,0.0027783333333333336,0,0.0375,0.0047216666666666665,0,0,4,1,0,3,1,0,,2022-10-11 14:02:17.998000,2022-10-11 14:13:01.991000,,2022-10-11 14:02:25.595000,2022-10-11 15:29:04.753000,
Nigeria,1985,Male,CAH10-01	Engineering,6,10/10/22 - 16/10/22,0,3.400276666666666,0,0,0,0.018609999999999998,0,03:25:07,02:21:13,6,13,0,0.061665,0.000555,0,0.26138833333333333,2.856666666666667,0.0008333333333333334,0,13,1,0,2,8,2,,2022-10-11 11:22:45.832000,2022-10-11 15:44:20.328000,,2022-10-11 15:31:37.239000,2022-10-11 11:25:45.811000,2022-10-15 11:25:51.164000
Nigeria,1985,Male,CAH11-01	Computing,7,10/10/22 - 16/10/22,0,3.6866666666666665,0,0,2.3930549999999995,0.6036116666666665,0,06:41:00,02:21:13,10,16,0,0.04833333333333333,0.010833333333333334,0.08111166666666667,0.9777766666666667,1.79639,0.033889999999999997,0,15,1,2,3,8,2,,2022-10-11 14:02:38.156000,2022-10-15 00:40:03.300000,2022-10-14 23:11:34.794000,2022-10-11 14:03:04.643000,2022-10-11 14:37:03.267000,2022-10-15 01:00:35.391000
United Kingdom of Great Britain and Northern Ireland,2001,Female,"CAH07-04	General, applied and forensic sciences",8,10/10/22 - 16/10/22,0.18444333333333332,2.943888333333333,0,0.0013883333333333332,0,0,0,03:07:46,02:21:13,3,9,0,0.002501666666666667,0.008888333333333333,0,0,0.07444333333333333,0,0,7,1,0,0,7,0,,2022-10-10 14:08:37.975000,2022-10-11 14:24:44.977000,,,2022-10-10 14:08:39.690000,
Nigeria,1976,Male,CAH03-01	Biosciences,9,10/10/22 - 16/10/22,0.033611666666666665,0,0.21833333333333332,0,0,0,2.653611666666667,02:54:20,02:21:13,5,6,0,0.005278333333333333,0.004166666666666667,0.0011116666666666666,0,0.005278333333333333,0,0,2,1,1,1,1,0,,2022-10-10 05:26:30.737000,2022-10-16 15:57:37.969000,2022-10-16 15:57:34.365000,2022-10-10 05:26:45.779000,2022-10-12 08:59:55.836000,
India,1998,Female,CAH11-01	Computing,10,10/10/22 - 16/10/22,0.3786116666666667,1.9947233333333332,0,0.0027783333333333336,0,0,0,02:22:34,02:21:13,4,4,0,0.49,0,0.010555,0.12638833333333332,0,0,0,2,1,2,1,0,0,,2022-10-11 14:05:07.468000,2022-10-10 16:04:40.905000,2022-10-10 16:04:38.345000,2022-10-11 14:05:10.031000,,
Nigeria,1996,Female,CAH07-02	Chemistry,11,10/10/22 - 16/10/22,0,2.7469449999999997,0.0125,0,0.0047216666666666665,0.016666666666666666,0,02:46:51,02:21:13,3,7,0,0.0036116666666666667,0,0,1.1288883333333333,0.14194500000000002,0,0,4,0,0,1,3,0,,2022-10-11 14:01:27.770000,,,2022-10-11 14:09:43.154000,2022-10-11 14:01:30.471000,
Nigeria,1986,Female,"CAH06-01	Agriculture, food and related studies",12,10/10/22 - 16/10/22,0.38,3.2008333333333336,0,0,0,6.344166666666666,5.215278333333333,15:08:25,02:21:13,7,17,0,0.018890000000000004,0.015000000000000001,0.18111166666666667,0,2.3927766666666668,2.26139,0,14,1,1,0,7,4,,2022-10-10 19:20:25.648000,2022-10-10 19:23:39.544000,2022-10-10 19:31:53.459000,,2022-10-10 19:20:31.298000,2022-10-15 18:11:28.679000
United Kingdom of Great Britain and Northern Ireland,1995,Male,CAH11-01	Computing,13,10/10/22 - 16/10/22,0.005833333333333333,1.1766666666666665,0,0,0.39805500000000005,0.05083333333333333,0,01:37:53,02:21:13,5,6,0,0.0022216666666666665,0.000555,0,0,0.012221666666666665,0.005278333333333333,0,3,2,0,0,1,2,,2022-10-11 13:47:06.802000,2022-10-14 20:25:19.077000,,,2022-10-11 13:47:09.476000,2022-10-14 19:56:26.777000
Bangladesh,1997,Female,CAH10-01	Engineering,14,10/10/22 - 16/10/22,0,4.493056666666667,0.027221666666666665,0,0,0,0,04:31:13,02:21:13,3,3,0,0.003888333333333333,0,0,0.3602783333333333,2.6277783333333335,0,0,5,0,0,1,4,0,,2022-10-11 13:59:19.249000,,,2022-10-11 14:49:16.366000,2022-10-11 13:59:23.257000,
Italy,2000,Female,CAH16-01	Law,15,10/10/22 - 16/10/22,4.064723333333334,0.9511116666666666,0,0,0,0.005833333333333333,2.1236116666666667,07:08:43,02:21:13,7,14,0,0.06194500000000001,0.0016666666666666668,0,1.070555,1.4497216666666666,0.0025,0,9,1,0,1,5,2,,2022-10-10 11:18:59.655000,2022-10-16 16:20:07.522000,,2022-10-10 15:10:22.792000,2022-10-10 11:19:02.415000,2022-10-15 16:03:02.428000
Sri Lanka,1993,Female,CAH17-01	Business and management,16,10/10/22 - 16/10/22,0,0,0,0,0,0,0,00:00:00,02:21:13,0,0,0,0,0,0,0,0,0,0,0,0,0,0,0,0,,,,,,,
Viet Nam,1999,Male,CAH11-01	Computing,17,10/10/22 - 16/10/22,0,1.2225,0,0,0.02222166666666667,0,0.013611666666666668,01:15:30,02:21:13,4,7,0,0.00389,0.0013883333333333332,0,0,0.485555,0,0,5,2,0,0,7,0,,2022-10-11 09:38:38.182000,2022-10-11 09:36:16.785000,,,2022-10-11 09:38:40.016000,
Viet Nam,1996,Female,CAH17-01	Business and management,18,10/10/22 - 16/10/22,1.826945,4.698055,0,0,0,0,0,06:31:30,02:21:13,2,4,0,0.0030566666666666663,0,0,0,2.799445,0,0,7,0,0,0,6,0,,2022-10-10 13:34:57.791000,,,,2022-10-10 13:34:59.179000,
United Kingdom of Great Britain and Northern Ireland,2001,Male,CAH15-02	Economics,19,10/10/22 - 16/10/22,0,0.2708333333333333,0,0,0,0,0,00:16:15,02:21:13,2,2,0,0.000555,0,0,0.003055,0,0,0,1,0,0,1,0,0,,2022-10-11 14:47:53.096000,,,2022-10-11 14:47:55.454000,,
Sri Lanka,1989,Female,CAH17-01	Business and management,20,10/10/22 - 16/10/22,1.1827783333333335,1.6244450000000001,0,0,0,0,0,02:48:26,02:21:13,4,6,0,0.004166666666666667,0.0008333333333333334,0,0.826945,0.5288883333333333,0,0,6,1,0,1,5,0,,2022-10-10 11:57:17.773000,2022-10-10 11:57:15.185000,,2022-10-10 11:57:22.034000,2022-10-10 12:49:40.490000,
Sri Lanka,1997,Male,CAH17-01	Business and management,21,10/10/22 - 16/10/22,0,3.150276666666666,0,0,0,0,0,03:09:01,02:21:13,4,8,0,0.008055,0.0011116666666666666,0,0.027221666666666665,3.001945,0,0,13,1,0,3,9,0,,2022-10-11 11:22:14.404000,2022-10-11 11:22:10.842000,,2022-10-11 11:22:17.880000,2022-10-11 11:23:38.844000,
Nigeria,1990,Male,"CAH07-04	General, applied and forensic sciences",22,10/10/22 - 16/10/22,0,0.8972216666666667,0,0,0,0.6375,0,01:32:05,02:21:13,3,3,0,0.0022216666666666665,0.008888333333333333,0,0,0.011945,0,0,2,1,0,0,2,0,,2022-10-11 15:29:10.030000,2022-10-11 15:29:58.848000,,,2022-10-11 15:29:15.517000,
Nigeria,1993,Female,CAH09-01	Mathematical sciences,23,10/10/22 - 16/10/22,3.5833333333333335,3.8641666666666667,0,0,1.4625,0,0,08:54:36,02:21:13,6,12,0,0.010833333333333334,0.006943333333333333,0,3.624445,2.173888333333333,0.9136116666666666,0,12,4,0,3,8,1,,2022-10-10 11:58:27.218000,2022-10-10 15:24:40.993000,,2022-10-10 12:23:44.434000,2022-10-10 11:58:30.854000,2022-10-14 13:09:28.644000
United Kingdom of Great Britain and Northern Ireland,1988,Male,CAH03-01	Biosciences,24,10/10/22 - 16/10/22,2.4705549999999996,4.871111666666667,0,0.0016666666666666668,0,0,0.26388833333333334,07:36:26,02:21:13,4,9,0,0.005,0,0,0.11722166666666665,1.080555,0.004445,0,8,0,0,2,5,1,,2022-10-10 13:45:51.036000,,,2022-10-10 13:45:54.592000,2022-10-10 13:46:29.688000,2022-10-16 13:48:01.333000
United Kingdom of Great Britain and Northern Ireland,2000,Male,CAH17-01	Business and management,25,10/10/22 - 16/10/22,0.007500000000000001,0.001945,0,0,0,0,0,00:00:34,02:21:13,3,3,0,0.0016666666666666668,0,0,0,0.0047216666666666665,0,0,2,0,0,1,1,0,,2022-10-10 13:55:37.096000,,,2022-10-10 13:55:59.369000,2022-10-10 13:55:41.331000,
United Kingdom of Great Britain and Northern Ireland,1998,Male,CAH15-02	Economics,26,10/10/22 - 16/10/22,0.03833333333333333,2.1416666666666666,0.2847216666666667,0,0.0033333333333333335,0,0,02:28:05,02:21:13,3,9,0,0.0036100000000000004,0.0008333333333333334,0,0,1.4163883333333334,0,0,6,1,0,0,6,0,,2022-10-10 15:23:58.328000,2022-10-11 14:45:15.589000,,,2022-10-10 15:24:00.935000,
Switzerland,1996,Female,CAH17-01	Business and management,27,10/10/22 - 16/10/22,0.075,1.116945,0,0,0,0,0,01:11:31,02:21:13,3,7,0,0.0033316666666666664,0,0,0.554445,0.550555,0,0,5,0,0,1,4,0,,2022-10-10 21:43:06.629000,,,2022-10-11 14:34:41.621000,2022-10-10 21:43:08.677000,
United Kingdom of Great Britain and Northern Ireland,1995,Non-binary / third gender,"CAH15-01	Sociology, social policy and anthropology",28,10/10/22 - 16/10/22,2.0283333333333333,0.8711116666666666,0,0,0,0,0,02:53:58,02:21:13,9,10,0,0.00889,0.0011116666666666666,0.006666666666666667,0.001945,0.8702783333333333,0,0,9,8,1,4,2,0,,2022-10-11 12:01:05.549000,2022-10-11 12:01:05.549000,2022-10-11 12:01:06.970000,2022-10-11 12:01:06.970000,2022-10-11 12:01:06.970000,
United Kingdom of Great Britain and Northern Ireland,1998,Male,CAH11-01	Computing,29,10/10/22 - 16/10/22,0,2.0152783333333333,0,0,0,0,0,02:00:55,02:21:13,2,2,0,0.0011116666666666666,0,0,0,0.950555,0,0,2,0,0,0,2,0,,2022-10-11 13:46:15.260000,,,,2022-10-11 13:46:17.830000,
Spain,1983,Male,CAH10-01	Engineering,30,10/10/22 - 16/10/22,1.1388883333333333,1.15,0.009166666666666667,0.459445,0.010278333333333334,0,0.0011116666666666666,02:46:08,02:21:13,18,22,0,0.028056666666666667,0.0275,0.007778333333333333,0.9072216666666667,0.7633333333333333,0,0,13,2,2,1,3,1,,2022-10-10 16:09:03.269000,2022-11-08 14:48:50.428000,2022-10-31 23:37:43.785000,2022-10-11 14:23:26.518000,2022-10-10 16:09:10.141000,2022-10-14 05:56:50.856000
India,1998,Male,CAH11-01	Computing,31,10/10/22 - 16/10/22,0,0.048054999999999994,0,0,0,0,0,00:02:53,02:21:13,2,2,0,0.0013883333333333332,0,0,0,0.031111666666666666,0,0,2,0,0,0,2,0,,2022-10-11 10:14:53.802000,,,,2022-10-11 10:14:56.774000,
Nigeria,1979,Female,CAH17-01	Business and management,32,10/10/22 - 16/10/22,0,0,0,0,0,0,0,00:00:00,02:21:13,0,0,0,0,0,0,0,0,0,0,0,0,0,0,0,0,,,,,,,
Nigeria,1970,Prefer to self-describe,CAH17-01	Business and management,33,10/10/22 - 16/10/22,0,0.034166666666666665,0.046945,0,0,0,0,00:04:52,02:21:13,4,5,0,0.004166666666666667,0.018055,0,0.007500000000000001,0,0,0,3,1,0,1,1,0,,2022-10-12 22:47:29.389000,2022-10-12 22:49:30.887000,,2022-10-12 22:48:58.591000,2022-10-12 22:47:32.337000,
Sri Lanka,1992,Female,CAH17-01	Business and management,34,10/10/22 - 16/10/22,0,0.030000000000000002,0.015278333333333335,0.08638833333333333,0,0,0,00:07:54,02:21:13,4,6,0,0.019166666666666665,0.0011116666666666666,0,0.03972166666666666,0.007500000000000001,0,0,6,1,0,4,1,0,,2022-10-13 15:31:46.960000,2022-10-13 15:38:53.304000,,2022-10-13 15:31:49.672000,2022-10-13 15:36:16.417000,
Nigeria,1999,Male,CAH11-01	Computing,35,10/10/22 - 16/10/22,0,0.8102783333333333,0,0,0,0,0,00:48:37,02:21:13,2,2,0,0.0022216666666666665,0,0,0,0.7958333333333333,0,0,4,0,0,0,4,0,,2022-10-11 14:06:47.448000,,,,2022-10-11 14:06:49.241000,
Nigeria,1987,Female,"CAH07-04	General, applied and forensic sciences",36,10/10/22 - 16/10/22,0,1.7136116666666668,0,0,0,0,0,01:42:49,02:21:13,3,3,0,0.0013883333333333332,0,0,0.42,0,0,0,1,0,0,1,0,0,,2022-10-11 14:50:52.434000,,,2022-10-11 14:50:57.025000,,
Sri Lanka,1981,Male,CAH17-01	Business and management,37,10/10/22 - 16/10/22,0,3.1300000000000003,0,0,0,0,0,03:07:48,02:21:13,2,2,0,0.000555,0,0,0,0.016944999999999998,0,0,1,0,0,0,1,0,,2022-10-11 14:02:40.141000,,,,2022-10-11 14:02:41.768000,
Pakistan,1993,Male,CAH11-01	Computing,38,10/10/22 - 16/10/22,0.27666666666666667,0.5302766666666667,0,0,0,0,0,00:48:25,02:21:13,2,2,0,0.0008333333333333334,0,0,0,0.0063883333333333335,0,0,1,0,0,0,1,0,,2022-10-11 13:33:17.187000,,,,2022-10-11 13:33:20.589000,
Pakistan,1991,Female,CAH11-01	Computing,39,10/10/22 - 16/10/22,0.18527833333333332,2.73,0,0,0,1.7386116666666669,4.045278333333333,08:41:57,02:21:13,3,8,0,0.004166666666666667,0.0022216666666666665,0,0,3.959443333333333,0,0,8,2,0,0,8,0,,2022-10-15 16:56:00.073000,2022-10-10 14:40:11.828000,,,2022-10-15 16:56:02.376000,
Sri Lanka,1996,Male,CAH17-01	Business and management,40,10/10/22 - 16/10/22,0,1.1816666666666669,0,0,0,0,0,01:10:54,02:21:13,4,4,0,0.008333333333333333,0,0,0.17805500000000002,0.7122216666666666,0,0,5,0,0,1,4,0,,2022-10-11 14:20:33.265000,,,2022-10-11 14:20:48.965000,2022-10-11 14:20:39.287000,
India,1992,Male,CAH15-02	Economics,41,10/10/22 - 16/10/22,0,0.18583333333333335,0,0,0,0,0,00:11:09,02:21:13,0,0,0,0,0,0,0,0,0,0,0,0,0,0,0,0,,,,,,,
United Kingdom of Great Britain and Northern Ireland,1975,Female,CAH07-01	Physics and astronomy,42,10/10/22 - 16/10/22,0.49805666666666665,0,0,0.008333333333333333,0,0,0.014721666666666666,00:31:16,02:21:13,4,5,0,0.0033333333333333335,0.005278333333333333,0,0,0.449445,0,0,3,3,0,0,2,1,,2022-10-10 16:56:37.784000,2022-10-10 16:56:32.747000,,,2022-10-10 16:56:44.045000,2022-10-16 17:48:50.803000
Sri Lanka,1990,Female,CAH17-01	Business and management,43,10/10/22 - 16/10/22,0,1.6266666666666665,0,0,0,0,0.11916666666666667,01:44:45,02:21:13,5,9,0,0.004445,0.003888333333333333,0,1.3025,0.09083333333333334,0.0025,0,5,2,0,1,3,1,,2022-10-11 13:41:51.249000,2022-10-11 13:41:39.426000,,2022-10-11 14:14:00.049000,2022-10-11 13:41:58.690000,2022-10-16 11:23:12.544000
Malaysia,1993,Male,CAH17-01	Business and management,44,10/10/22 - 16/10/22,0.013611666666666668,4.252223333333334,0,0,0,0,0,04:15:57,02:21:13,3,5,0,0.005,0,0,1.2158333333333333,1.3963883333333333,0,0,10,0,0,5,4,0,,2022-10-11 12:41:11.663000,,,2022-10-11 14:08:52.434000,2022-10-11 12:41:14.905000,
Thailand,1993,Male,CAH10-01	Engineering,45,10/10/22 - 16/10/22,0,0.945555,0,0,0,0,0,00:56:44,02:21:13,2,4,0,0.0027783333333333336,0,0,0,0.8369449999999999,0,0,2,0,0,0,2,0,,2022-10-11 11:49:34.571000,,,,2022-10-11 11:49:40.171000,
India,1994,Male,CAH17-01	Business and management,46,10/10/22 - 16/10/22,2.408333333333333,1.956111666666667,0,0,0,0,0,04:21:52,02:21:13,3,4,0,0.0013883333333333332,0,0,2.3577783333333335,0.21861166666666668,0,0,2,0,0,1,1,0,,2022-10-10 15:45:01.214000,,,2022-10-10 15:45:04.312000,2022-10-11 13:45:14.839000,
United Kingdom of Great Britain and Northern Ireland,1997,Female,"CAH26-01 Geography, earth and environmental studies",47,10/10/22 - 16/10/22,1.5,0,0.010833333333333334,0,0,0,0,01:30:39,02:21:13,3,3,0,0.0022216666666666665,0,0,0.84,0.4952783333333333,0,0,4,0,0,1,2,0,,2022-10-10 12:52:42.196000,,,2022-10-10 12:52:54.250000,2022-10-10 13:43:20.019000,
Malaysia,1992,Male,CAH25-01	Creative arts and design,48,10/10/22 - 16/10/22,0,2.2963883333333333,0,0,0,0,0,02:17:47,02:21:13,2,3,0,0.0022233333333333332,0,0,0,2.2708333333333335,0,0,2,0,0,0,1,0,,2022-10-11 12:57:35.496000,,,,2022-10-11 12:57:39.026000,
Nigeria,1984,Female,CAH11-01	Computing,49,10/10/22 - 16/10/22,0.12416666666666668,1.8819450000000002,0,0,0.05222166666666666,0,0,02:03:30,02:21:13,4,5,0,0.006944999999999999,0,0,0.005555000000000001,0.4986116666666666,0.0036116666666666667,0,4,0,0,1,1,1,,2022-10-11 14:59:56.023000,,,2022-10-11 15:00:00.963000,2022-10-11 15:00:26.056000,2022-10-14 16:42:18.925000
Nigeria,1992,Male,CAH11-01	Computing,50,10/10/22 - 16/10/22,1.0602783333333334,4.208056666666667,0,0.17638833333333334,0,0.013888333333333332,0,05:27:31,02:21:13,4,10,0,0.00861,0,0,0.04388833333333333,3.3408333333333333,0.01,0,8,0,0,1,6,1,,2022-10-10 20:16:27.691000,,,2022-10-11 14:03:56.307000,2022-10-10 20:16:31.516000,2022-10-13 21:31:52.902000
Nigeria,1998,Female,CAH16-01	Law,51,10/10/22 - 16/10/22,0,1.1716666666666666,0,0,0,0,0.021945,01:11:37,02:21:13,0,0,0,0,0,0,0,0,0,0,0,0,0,0,0,0,,,,,,,
Nigeria,1991,Female,CAH10-03	Materials and technology,52,10/10/22 - 16/10/22,0,2.5005566666666668,0,0,0,0,0,02:30:02,02:21:13,3,6,0,0.043054999999999996,0,0,0.003888333333333333,0.4413883333333333,0,0,5,0,0,1,3,0,,2022-10-11 13:33:09.235000,,,2022-10-11 14:28:49.454000,2022-10-11 13:35:36.279000,
Nigeria,2001,Female,CAH09-01	Mathematical sciences,53,10/10/22 - 16/10/22,0.018333333333333333,2.4513900000000004,0,0,0,0.8350000000000001,0,03:18:17,02:21:13,5,10,0,0.004443333333333333,0,0,0,2.2722233333333337,0.374445,0,6,0,0,1,4,1,,2022-10-10 18:43:43.179000,,,2022-10-10 18:43:46.346000,2022-10-11 11:29:35.961000,2022-10-15 14:03:09.093000
Nigeria,1979,Female,CAH11-01	Computing,54,10/10/22 - 16/10/22,1.606388333333333,1.2844450000000003,0.4325,0.019166666666666665,0,0,0.013333333333333334,03:21:21,02:21:13,4,7,0,0.005833333333333333,0,0,0.024166666666666666,2.164445,0,0,3,0,0,2,4,0,,2022-10-10 13:22:11.252000,,,2022-10-14 03:03:35.635000,2022-10-10 13:22:14.555000,
Nigeria,1986,Female,CAH10-03	Materials and technology,55,10/10/22 - 16/10/22,0.42694499999999996,0.5622216666666666,0,0,0,0,0,00:59:21,02:21:13,10,11,0,0.0013883333333333332,0.003055,0.013333333333333334,0.014445000000000001,0,0,0,3,2,2,1,1,0,,2022-10-10 03:45:52.877000,2022-10-11 15:18:54.596000,2022-10-10 03:44:53.915000,2022-10-10 03:45:54.977000,2022-10-11 15:32:24.674000,
Nigeria,1986,Female,CAH11-01	Computing,56,10/10/22 - 16/10/22,4.680278333333334,0,0,0.0063883333333333335,0.009166666666666667,0,0,04:41:45,02:21:13,2,4,0,0.0036100000000000004,0,0,0,1.2180549999999999,0,0,3,0,0,0,3,0,,2022-10-10 11:46:01.009000,,,,2022-10-10 11:46:04.318000,
Nigeria,1990,Female,CAH17-01	Business and management,57,10/10/22 - 16/10/22,0,0,0,0,0,0,0,00:00:00,02:21:13,0,0,0,0,0,0,0,0,0,0,0,0,0,0,0,0,,,,,,,
Nigeria,1992,Male,CAH03-01	Biosciences,58,10/10/22 - 16/10/22,0,2.163055,0,0.013611666666666668,0,0,0,02:10:36,02:21:13,3,4,0,0.0033333333333333335,0,0,1.6711116666666668,0,0,0,2,0,0,1,1,0,,2022-10-11 14:05:08.545000,,,2022-10-11 14:05:11.356000,2022-10-13 13:30:27.251000,
Sri Lanka,1991,Male,CAH10-01	Engineering,59,10/10/22 - 16/10/22,0,1.4602783333333336,0,0,0,0,0,01:27:37,02:21:13,2,2,0,0.0025,0,0,0.564445,0,0,0,2,0,0,2,0,0,,2022-10-11 14:03:23.919000,,,2022-10-11 14:03:26.657000,,
Viet Nam,1997,Female,CAH17-01	Business and management,60,10/10/22 - 16/10/22,0.09639,3.920555,0,0,0.14416666666666667,0.06027833333333334,3.0266666666666664,07:14:53,02:21:13,7,21,0,0.1969466666666667,0.0024983333333333333,0,0.9786116666666665,1.3044433333333332,0.0475,0,19,4,0,1,6,7,,2022-10-10 16:34:17.641000,2022-10-10 20:40:31.102000,,2022-10-11 14:17:15.010000,2022-10-10 16:34:18.955000,2022-10-14 21:49:57.238000
India,1993,Female,CAH10-01	Engineering,61,10/10/22 - 16/10/22,1.3638883333333331,1.5325016666666669,0,0,0,0,0,02:53:47,02:21:13,4,10,0,0.014723333333333333,0.004445,0.0016666666666666668,0,0.32638833333333334,0,0,9,1,1,0,8,0,,2022-10-10 17:03:52.557000,2022-10-10 17:08:48.790000,2022-10-10 17:08:42.364000,,2022-10-10 17:03:56.242000,
Turkey,1996,Male,CAH17-01	Business and management,62,10/10/22 - 16/10/22,0,1.0333333333333334,0,0,0,0.19305500000000003,0,01:13:35,02:21:13,6,10,0,0.075555,0.0011116666666666666,0.03333333333333333,0.0027783333333333336,0.23694333333333334,0,0,5,1,4,1,4,0,,2022-10-11 02:49:29.822000,2022-10-11 02:49:26.272000,2022-10-11 02:51:04.228000,2022-10-11 15:36:05.197000,2022-10-11 02:49:34.971000,
United Kingdom of Great Britain and Northern Ireland,1998,Female,CAH17-01	Business and management,63,10/10/22 - 16/10/22,0,3.136111666666667,0,0,0,0,0,03:08:10,02:21:13,0,0,0,0,0,0,0,0,0,0,0,0,0,0,0,0,,,,,,,
Iran,1989,Female,CAH15-04	Health and social care,64,10/10/22 - 16/10/22,0,0.5613883333333334,0,0,0,0,0,00:33:41,02:21:13,0,0,0,0,0,0,0,0,0,0,0,0,0,0,0,0,,,,,,,
Hong Kong (S.A.R.),2000,Male,"CAH13-01	Architecture, building and planning",65,10/10/22 - 16/10/22,0,0.5502766666666667,0,0,0,0,0,00:33:01,02:21:13,4,6,0,0.0016666666666666668,0,0,0.12472166666666666,0.24083333333333332,0,0,4,1,0,1,3,0,,2022-10-11 12:59:23.889000,2022-10-11 14:12:07.272000,,2022-10-11 14:13:07.731000,2022-10-11 12:59:25.524000,
Hong Kong (S.A.R.),1995,Female,"CAH15-01	Sociology, social policy and anthropology",66,10/10/22 - 16/10/22,0.005278333333333333,1.4383333333333332,0.03805499999999999,0.17944499999999997,0,0,0.0027783333333333336,01:39:50,02:21:13,8,14,0,0.1444433333333333,0.00027833333333333334,0,0,0.07555666666666667,0.017221666666666666,0,9,1,0,2,2,3,,2022-10-10 12:44:48.283000,2022-10-11 14:57:57.809000,,2022-10-10 12:44:51.334000,2022-10-11 14:58:01.016000,2022-10-13 21:03:53.672000
India,1987,Female,CAH17-01	Business and management,67,10/10/22 - 16/10/22,0.295,2.8711116666666667,0,3.056111666666667,0.003055,0,0,06:13:31,02:21:13,4,12,0,0.014445000000000001,0.001945,0,0,4.258333333333334,1.7066666666666668,0,13,3,0,0,16,1,,2022-10-10 22:01:33.552000,2022-10-10 22:01:30.010000,,,2022-10-10 22:01:36.413000,2022-10-13 21:34:14.858000
Myanmar,1996,Female,CAH11-01	Computing,68,10/10/22 - 16/10/22,0.3472216666666667,1.6458333333333333,0,0,0,0.003055,0,01:59:46,02:21:13,7,20,0,0.027221666666666665,0.0016666666666666668,0.0025,0.5411116666666665,0.6258333333333332,0,0,13,3,2,5,8,0,,2022-10-10 13:33:38.789000,2022-10-10 13:36:12.852000,2022-10-10 13:34:45.725000,2022-10-10 13:33:43.398000,2022-10-10 13:34:57.107000,
United Kingdom of Great Britain and Northern Ireland,1992,Male,CAH10-01	Engineering,69,10/10/22 - 16/10/22,0,7.048888333333333,0,0,0,0,0,07:02:56,02:21:13,4,4,0,0.001945,0.0008333333333333334,0,1.059445,0.025555,0,0,5,2,0,2,2,0,,2022-10-11 10:37:58.340000,2022-10-11 10:40:14.256000,,2022-10-11 10:38:28.060000,2022-10-11 10:37:59.814000,
Nigeria,1995,Male,CAH15-02	Economics,70,10/10/22 - 16/10/22,0,2.3455549999999996,0,0,0,0.049721666666666664,0.003055,02:23:53,02:21:13,6,9,0,0.01638833333333333,0.0008333333333333334,0.003888333333333333,1.22611,0.19638833333333333,0,0,16,2,2,5,8,0,,2022-10-11 13:37:58.564000,2022-10-11 14:07:00.513000,2022-10-11 13:38:46.353000,2022-10-11 14:12:02.169000,2022-10-11 13:38:02.217000,
Viet Nam,1998,Male,CAH15-02	Economics,71,10/10/22 - 16/10/22,2.503333333333333,0.12111166666666667,0,0,0,0,0,02:37:28,02:21:13,3,9,0,0.003055,0,0,0,1.83639,0,0,6,0,0,1,5,0,,2022-10-10 12:06:58.522000,,,2022-10-11 14:14:00.143000,2022-10-10 12:07:02.806000,
India,1984,Male,"CAH06-01	Agriculture, food and related studies",72,10/10/22 - 16/10/22,0,2.2877766666666663,0,0,0,1.9736116666666668,0,04:15:41,02:21:13,2,2,0,0.0008333333333333334,0,0,0,0.35611166666666666,0,0,1,0,0,0,1,0,,2022-10-11 15:19:15.623000,,,,2022-10-11 15:19:18.520000,
India,1997,Female,CAH10-01	Engineering,73,10/10/22 - 16/10/22,0.5002783333333334,2.0341666666666667,0,0,0,0,0,02:32:04,02:21:13,6,9,0,0.004445,0.0008333333333333334,0.19111166666666665,0.023055,0.007223333333333333,0,0,7,1,3,1,4,0,,2022-10-10 10:13:55.636000,2022-10-10 10:13:59.666000,2022-10-10 10:02:25.910000,2022-10-11 15:31:31.332000,2022-10-11 13:42:27.426000,
Sri Lanka,1986,Female,CAH17-01	Business and management,74,10/10/22 - 16/10/22,0,2.2555549999999998,0,0,0,0,0,02:15:20,02:21:13,2,2,0,0.0047216666666666665,0,0,0,0.35694499999999996,0,0,5,0,0,0,4,0,,2022-10-11 13:26:25.535000,,,,2022-10-11 13:26:32.095000,
Sri Lanka,1980,Male,CAH17-01	Business and management,75,10/10/22 - 16/10/22,1.3316666666666668,0.001945,0,0,0,0,0.550555,01:53:03,02:21:13,5,11,0,0.006666666666666667,0.0025,0,0.19472166666666668,1.5938883333333331,0.005,0,7,1,0,1,5,1,,2022-10-10 16:48:19.685000,2022-10-10 16:48:10.317000,,2022-10-10 16:50:22.176000,2022-10-10 16:48:28.769000,2022-10-16 11:44:19.387000
Poland,1996,Male,CAH02-05	Medical sciences,76,10/10/22 - 16/10/22,0,1.5911116666666667,0,0,0,0,0,01:35:28,02:21:13,0,0,0,0,0,0,0,0,0,0,0,0,0,0,0,0,,,,,,,
Sri Lanka,1990,Male,CAH17-01	Business and management,77,10/10/22 - 16/10/22,0,0.8702766666666667,0,0,0,0,0.013333333333333334,00:53:01,02:21:13,4,6,0,0.006390000000000001,0.006111666666666666,0.000555,0,0.5233333333333333,0,0,3,1,1,0,3,0,,2022-10-11 13:52:38.948000,2022-10-16 15:40:09.561000,2022-10-16 15:40:07.800000,,2022-10-11 13:52:40.111000,
Pakistan,1992,Male,CAH10-01	Engineering,78,10/10/22 - 16/10/22,0,0.006666666666666667,0,0,0.04888833333333333,0,0,00:03:20,02:21:13,4,4,0,0.004166666666666667,0.041945,0.00027833333333333334,0,0,0,0,1,1,1,0,0,0,,2022-10-14 10:27:27.575000,2022-10-14 10:27:49.956000,2022-10-14 10:27:45.843000,,,
India,1994,Female,CAH15-02	Economics,79,10/10/22 - 16/10/22,0.184445,1.014445,0,0,0,0,0,01:11:56,02:21:13,4,8,0,0.003335,0.015554999999999998,0,0.5280549999999999,0.36666666666666664,0,0,4,2,0,1,5,0,,2022-10-10 19:57:16.345000,2022-10-10 19:59:50.426000,,2022-10-11 14:05:09.901000,2022-10-10 19:57:19.919000,
Nigeria,1988,Male,CAH10-01	Engineering,80,10/10/22 - 16/10/22,0,0,0,0,0,0,0,00:00:00,02:21:13,0,0,0,0,0,0,0,0,0,0,0,0,0,0,0,0,,,,,,,
India,1989,Female,CAH11-01	Computing,81,06/02/23 - 12/02/23,0,1.3202783333333334,0,0,0,0,0,01:19:13,01:36:41,3,3,0,0.001945,0.000555,0,0,1.3097216666666667,0,0,2,1,0,0,1,0,,2023-02-07 15:07:48.981000,2023-02-07 15:07:51.612000,,,2023-02-07 15:08:11.240000,
Nigeria,1985,Female,CAH09-01	Mathematical sciences,82,06/02/23 - 12/02/23,0,0.5850000000000001,0.15666666666666668,0,0,0,0,00:44:30,01:36:41,2,2,0,0.0013883333333333332,0,0,0,0.5819449999999999,0,0,1,0,0,0,1,0,,2023-02-07 15:36:29.209000,,,,2023-02-07 15:36:33.768000,
Nigeria,1996,Female,CAH07-01	Physics and astronomy,83,06/02/23 - 12/02/23,0,2.7419450000000003,0.07638833333333332,0,0,0.03166666666666666,0,02:51:00,01:36:41,5,13,0,0.01361,0.01,0,0.0011116666666666666,1.97,0.40527833333333335,0,15,1,0,1,6,4,,2023-02-07 14:45:58.671000,2023-02-07 14:46:09.065000,,2023-02-07 14:46:04.928000,2023-02-07 14:46:48.448000,2023-02-07 15:47:30.702000
India,1999,Male,CAH11-01	Computing,84,06/02/23 - 12/02/23,0,0.012778333333333334,0,0,0,0,0,00:00:46,01:36:41,3,3,0,0.0016666666666666668,0,0,0,0.003888333333333333,0.006666666666666667,0,2,0,0,1,1,0,,2023-02-07 11:32:23.030000,,,,2023-02-07 11:32:53.049000,2023-02-07 11:32:24.626000
Nigeria,1993,Male,"CAH02-02	Pharmacology, toxicology and pharmacy",85,06/02/23 - 12/02/23,0,0,0.014445000000000001,0,0.0016666666666666668,0,0.008333333333333333,00:01:28,01:36:41,3,5,0,0.008055,0,0,0,0.0036116666666666667,0,0,3,0,0,0,1,2,,2023-02-08 17:12:50.405000,,,,2023-02-08 17:13:08.927000,2023-02-08 17:13:23.905000
Cameroon,1997,Male,CAH10-03	Materials and technology,86,06/02/23 - 12/02/23,0,2.334166666666667,0,0,0,0,0,02:20:03,01:36:41,4,4,0,0.0047216666666666665,0,0,0.0016666666666666668,1.5650000000000002,0.7466666666666666,0,3,0,0,1,1,1,,2023-02-07 14:08:47.232000,,,2023-02-07 14:08:50.641000,2023-02-07 14:09:03.533000,2023-02-07 15:43:03.808000
Egypt,1996,Male,CAH10-01	Engineering,87,06/02/23 - 12/02/23,0,1.2352783333333335,0,0,0,0,0,01:14:07,01:36:41,4,4,0,0.0025,0.00027833333333333334,0,1.2202783333333334,0,0,0,2,1,0,1,1,0,,2023-02-07 09:39:50.276000,2023-02-07 10:53:24.602000,,2023-02-07 09:39:57.092000,2023-02-07 10:53:27.432000,
Nigeria,1980,Male,CAH10-01	Engineering,88,06/02/23 - 12/02/23,0,0.9958333333333333,0,0.22361166666666665,0,0.009721666666666665,0,01:13:45,01:36:41,3,6,0,0.021388333333333336,0,0,0,0.9288883333333333,0.16138833333333336,0,9,0,0,0,5,3,,2023-02-07 14:52:49.454000,,,,2023-02-07 14:53:36.408000,2023-02-07 15:47:14.572000
Thailand,1997,Male,CAH11-01	Computing,89,06/02/23 - 12/02/23,0,1.900555,0,0,0,0,0.15972166666666668,02:03:37,01:36:41,6,9,0,0.007500000000000001,0.0013883333333333332,0.0016666666666666668,0.00027833333333333334,1.4191666666666667,0.6174999999999999,0,4,2,1,1,2,2,,2023-02-07 14:18:29.115000,2023-02-12 17:59:35.018000,2023-02-12 17:59:40.146000,2023-02-12 17:59:33.846000,2023-02-07 14:18:36.843000,2023-02-07 15:43:26.765000
Pakistan,1995,Male,CAH11-01	Computing,90,06/02/23 - 12/02/23,0,1.433055,0,0,0,0,0,01:25:59,01:36:41,2,2,0,0.000555,0,0,0,1.4305549999999998,0,0,1,0,0,0,1,0,,2023-02-07 14:59:56.748000,,,,2023-02-07 14:59:58.643000,
Sri Lanka,1994,Male,CAH17-01	Business and management,91,06/02/23 - 12/02/23,0,1.2091666666666667,0,0,0,0,0.01638833333333333,01:13:32,01:36:41,0,0,0,0,0,0,0,0,0,0,0,0,0,0,0,0,,,,,,,
Nigeria,1992,Male,,92,06/02/23 - 12/02/23,0,1.2883333333333333,0,0,0,0,0.04861166666666667,01:20:13,01:36:41,4,6,0,0.009445000000000002,0,0,0.012221666666666665,0.738055,0.5394450000000001,0,8,0,0,1,2,3,,2023-02-07 12:20:48.654000,,,2023-02-12 13:30:05.513000,2023-02-07 12:21:00.045000,2023-02-07 15:06:35.110000
Sri Lanka,1986,Male,CAH11-01	Computing,93,06/02/23 - 12/02/23,0,1.9041666666666666,0,0,0,0,0,01:54:15,01:36:41,3,5,0,0.005556666666666667,0,0,0,1.8225,0,0,3,0,0,1,2,0,,2023-02-07 08:41:07.560000,,,2023-02-07 08:47:51.061000,2023-02-07 08:41:15.705000,
India,1984,Female,CAH10-01	Engineering,94,06/02/23 - 12/02/23,0.0036116666666666667,1.3266666666666667,0,0,0,0,0.4788883333333333,01:48:33,01:36:41,2,4,0,0.0036116666666666667,0,0,0,1.7816666666666667,0,0,3,0,0,0,3,0,,2023-02-07 15:07:03.379000,,,,2023-02-07 15:07:08.162000,
Nigeria,1980,Female,CAH03-01	Biosciences,95,06/02/23 - 12/02/23,0.06972166666666667,1.0586116666666667,0,0,0,0,0.3380566666666666,01:27:59,01:36:41,3,11,0,0.03666666666666667,0,0,0,0.6500016666666666,0.6977783333333334,0,9,0,0,0,5,3,,2023-02-06 20:06:23.526000,,,,2023-02-06 20:08:14.556000,2023-02-07 15:47:32.230000
Sri Lanka,1998,Male,CAH11-01	Computing,96,06/02/23 - 12/02/23,0.719445,2.0969450000000003,0,0.010555,0,0,0,02:49:37,01:36:41,8,11,0,0.3875,0.005833333333333333,0.0013883333333333332,0.6913883333333334,0.9902783333333333,0.708055,0,1,6,2,2,1,1,,2023-02-07 14:15:20.561000,2023-02-06 21:02:41.107000,2023-02-09 11:23:56.197000,2023-02-06 21:02:43.837000,2023-02-07 14:43:55.187000,2023-02-07 15:43:22.060000
Bolivia,1998,Male,CAH10-01	Engineering,97,06/02/23 - 12/02/23,3.8972216666666664,1.751945,0,0,0,0,0,05:38:57,01:36:41,4,6,0,0.004443333333333333,0,0,0.000555,4.6030549999999995,0,0,5,0,0,1,3,1,,2023-02-06 16:34:37.868000,,,2023-02-07 15:07:07.193000,2023-02-06 16:34:41.220000,2023-02-07 15:51:10.673000
Spain,1994,Female,"CAH24-01	Media, journalism and communications",98,06/02/23 - 12/02/23,0,0.7869449999999999,0,0,0,0,0,00:47:13,01:36:41,3,3,0,0.0016666666666666668,0,0,0,0.35361166666666666,0.42638833333333337,0,2,0,0,0,1,1,,2023-02-07 15:22:09.706000,,,,2023-02-07 15:22:11.877000,2023-02-07 15:43:29.470000
Turkey,1987,Male,CAH17-01	Business and management,99,06/02/23 - 12/02/23,0,1.9983333333333335,0,0,0.0033333333333333335,0,0.04638833333333333,02:02:53,01:36:41,3,4,0,0.007778333333333333,0,0,0,1.9838883333333333,0.04,0,3,0,0,0,2,1,,2023-02-07 14:15:43.368000,,,,2023-02-07 14:16:01.389000,2023-02-12 16:28:58.700000
Turkey,1990,Male,CAH15-02	Economics,100,06/02/23 - 12/02/23,0.015554999999999998,0.9952783333333333,0,0,0,0,0,01:00:39,01:36:41,2,4,0,0.0016666666666666668,0,0,0,1.003055,0,0,2,0,0,0,2,0,,2023-02-06 18:05:03.051000,,,,2023-02-06 18:05:04.570000,
Nigeria,1999,Male,CAH10-01	Engineering,101,06/02/23 - 12/02/23,0,1.3166666666666667,0,0,0,0,0,01:19:00,01:36:41,3,3,0,0.013055,0,0,0.0011116666666666666,1.2986116666666667,0,0,2,0,0,1,1,0,,2023-02-07 15:10:21.528000,,,2023-02-07 15:11:05.407000,2023-02-07 15:11:13.003000,
Nigeria,1995,Male,CAH07-01	Physics and astronomy,102,06/02/23 - 12/02/23,0,2.802778333333334,0,0,0,0,0.4938883333333334,03:17:48,01:36:41,4,7,0,0.005,0.000555,0,0,0.745555,1.1144433333333335,0,4,1,0,0,2,2,,2023-02-07 15:06:54.455000,2023-02-12 13:29:05.048000,,,2023-02-07 15:07:01.937000,2023-02-07 15:51:01.086000
Nigeria,1997,Female,CAH07-02	Chemistry,103,06/02/23 - 12/02/23,0,0.6961116666666667,0,0,0.009166666666666667,0,0,00:42:19,01:36:41,3,7,0,0.006943333333333333,0,0,0,0.001945,0.065555,0,5,0,0,0,2,2,,2023-02-07 15:48:45.244000,,,,2023-02-07 15:54:46.617000,2023-02-07 15:48:48.630000
Nigeria,1976,Male,CAH11-01	Computing,104,06/02/23 - 12/02/23,0,1.1316666666666668,0,0,0,1.3211116666666667,0.013055,02:27:57,01:36:41,3,8,0,0.00611,0,0,0,2.4361099999999998,0.008611666666666665,0,6,0,0,0,5,1,,2023-02-07 15:02:40.068000,,,,2023-02-07 15:02:43.165000,2023-02-12 20:54:27.588000
Sri Lanka,1977,Male,CAH09-01	Mathematical sciences,105,06/02/23 - 12/02/23,0,1.6947216666666665,0,0,0,0,0,01:41:41,01:36:41,2,2,0,0.0008333333333333334,0,0,0,1.693055,0,0,1,0,0,0,1,0,,2023-02-07 14:46:09.618000,,,,2023-02-07 14:46:12.835000,
Nigeria,1986,Female,CAH03-01	Biosciences,106,06/02/23 - 12/02/23,0,0,0,0,0,0.021945,0.02555666666666667,00:02:51,01:36:41,2,2,0,0.0027783333333333336,0,0,0,0,0.013333333333333334,0,1,0,0,0,0,1,,2023-02-11 11:39:08.472000,,,,,2023-02-11 11:39:18.749000
Bangladesh,1999,Male,CAH11-01	Computing,107,06/02/23 - 12/02/23,0.023888333333333334,1.6402783333333335,0,0.004166666666666667,0,0.3225,0,01:59:27,01:36:41,4,8,0,0.009166666666666667,0.22888833333333336,0,0,1.1638883333333332,0.32861000000000007,0,6,1,0,0,3,3,,2023-02-06 22:31:22.687000,2023-02-11 03:27:25.545000,,,2023-02-06 22:31:34.405000,2023-02-07 15:51:33.028000
India,1997,Female,CAH11-01	Computing,108,06/02/23 - 12/02/23,0.8319449999999999,1.7577783333333334,0,0,0,0,0.6261116666666666,03:12:57,01:36:41,3,7,0,0.005,0,0,0,1.974445,1.1875,0,5,0,0,0,3,2,,2023-02-06 12:58:49.412000,,,,2023-02-06 12:58:56.016000,2023-02-07 15:51:59.593000
United States of America,1997,Male,CAH03-02	Sport and exercise sciences,109,06/02/23 - 12/02/23,0,0.034721666666666665,0,0,0,0,0,00:02:05,01:36:41,1,1,0,0,0.0016666666666666668,0,0,0,0,0,0,2,0,0,0,0,,,2023-02-07 12:15:17.465000,,,,
United Kingdom of Great Britain and Northern Ireland,1998,Female,CAH03-01	Biosciences,110,06/02/23 - 12/02/23,0.013888333333333332,1.2941666666666667,0,0,0,0,0.5380550000000001,01:50:46,01:36:41,3,8,0,0.0063883333333333335,0,0,0,0.8355549999999999,0.9961116666666666,0,6,0,0,0,3,3,,2023-02-06 16:14:45.688000,,,,2023-02-06 16:14:49.063000,2023-02-07 15:42:14.674000
Nigeria,1980,Male,CAH15-02	Economics,111,09/10/23 - 15/10/23,0,0.7161116666666666,0.14666666666666667,0,0.2027783333333333,0,0.09388833333333334,01:09:34,01:44:23,7,13,0,0.042778333333333335,0,0.0036100000000000004,0.051111666666666666,0.6947233333333334,0.12277833333333334,0,8,0,3,4,2,1,,2023-10-10 13:34:24.026000,,2023-10-10 13:35:42.713000,2023-10-10 13:34:30.047000,2023-10-10 13:35:58.344000,2023-10-13 14:57:17.501000
Sri Lanka,1992,Female,CAH09-01	Mathematical sciences,112,09/10/23 - 15/10/23,0,0.004445,0,0,0,0.001945,0,00:00:23,01:44:23,3,4,0,0.0033333333333333335,0,0,0,0,0,0,2,0,0,0,1,1,,2023-10-10 15:11:58.674000,,,,2023-10-10 15:12:06.287000,2023-10-14 21:24:59.623000
Nigeria,1990,Male,CAH16-01	Law,113,09/10/23 - 15/10/23,0,0,0,0,0.008055,0,0,00:00:29,01:44:23,1,1,0,0.008055,0,0,0,0,0,0,1,0,0,0,0,0,,2023-10-13 08:50:30.941000,,,,,
Nigeria,1996,Female,CAH19-01	English studies,114,09/10/23 - 15/10/23,1.0336116666666666,0.27888833333333335,0,0,0,0,0,01:18:45,01:44:23,7,13,0,0.11333166666666666,0,0.176945,0.9777783333333333,0.013055,0,0,11,0,1,5,4,1,,2023-10-09 23:45:08.863000,,2023-10-10 12:10:06.788000,2023-10-09 23:50:43.059000,2023-10-09 23:51:21.217000,2023-10-10 15:53:32.254000
Nigeria,2001,Male,CAH07-01	Physics and astronomy,115,09/10/23 - 15/10/23,0.04722166666666667,2.8597216666666663,0,0,0.04777833333333334,0,0.5463883333333334,03:30:04,01:44:23,4,5,0,0.008055,0,0,0,0,0.4741666666666667,0,5,0,0,0,1,4,,2023-10-10 14:51:04.796000,,,,2023-10-10 14:51:10.437000,2023-10-15 15:55:01.990000
Ghana,1992,Male,CAH04-01	Psychology,116,09/10/23 - 15/10/23,0,0,0,0,0,0,0.011111666666666667,00:00:40,01:44:23,2,2,0,0.0033333333333333335,0,0,0,0,0,0,1,0,0,0,0,1,,2023-10-15 17:01:08.258000,,,,,2023-10-15 17:01:20.196000
Pakistan,1999,Female,CAH11-01	Computing,117,09/10/23 - 15/10/23,0,1.5316666666666667,0,0,0,0,0,01:31:54,01:44:23,2,2,0,0.0027783333333333336,0,0,0,1.5236116666666668,0,0,1,0,0,0,1,0,,2023-10-10 15:33:56.890000,,,,2023-10-10 15:34:06.436000,
Myanmar,1991,Female,CAH17-01	Business and management,118,09/10/23 - 15/10/23,0,3.8366666666666664,0,0,0,0,0,03:50:12,01:44:23,3,3,0,0.000555,0,0,0,1.4708333333333334,0,0,1,0,0,0,1,0,,2023-10-10 15:32:31.372000,,,,2023-10-10 15:32:33.439000,
Nigeria,1994,Male,"CAH26-01 Geography, earth and environmental studies",119,09/10/23 - 15/10/23,0,1.3166666666666667,0.0027783333333333336,0.03833333333333333,0,0,0,01:21:28,01:44:23,6,10,0,0.011388333333333332,0,0.015278333333333335,1.1361116666666669,0.07583333333333334,0,0,5,0,3,4,2,0,,2023-10-10 14:06:22.253000,,2023-10-10 14:15:08.371000,2023-10-10 14:06:25.156000,2023-10-10 14:10:23.660000,
United Kingdom of Great Britain and Northern Ireland,2000,Male,CAH04-01	Psychology,120,09/10/23 - 15/10/23,0,0,0,0,0,0,0,00:00:00,01:44:23,0,0,0,0,0,0,0,0,0,0,0,0,0,0,0,0,,,,,,,
United Kingdom of Great Britain and Northern Ireland,2002,Male,CAH11-01	Computing,121,09/10/23 - 15/10/23,0,0,0,0,0,0,0,00:00:00,01:44:23,0,0,0,0,0,0,0,0,0,0,0,0,0,0,0,0,,,,,,,
Poland,2001,Male,CAH17-01	Business and management,122,09/10/23 - 15/10/23,0.0027783333333333336,1.7861116666666668,1.6041666666666667,0,0.49055499999999996,0,0,03:53:01,01:44:23,6,7,0,0.0033333333333333335,0,0,0,1.7816666666666667,0.010833333333333334,0,3,0,0,0,2,1,,2023-10-10 12:21:51.273000,,,,2023-10-10 12:21:53.971000,2023-10-13 12:25:46.351000
Iran,1982,Male,CAH10-01	Engineering,123,09/10/23 - 15/10/23,0,1.2316666666666667,0,0,2.7047216666666665,0.013333333333333334,0,03:56:59,01:44:23,5,11,0,1.2069433333333335,0,0,2.0969450000000003,0.007500000000000001,0.008333333333333333,0,6,0,0,1,2,3,,2023-10-10 15:53:46.523000,,,2023-10-13 22:25:54.330000,2023-10-14 00:31:42.881000,2023-10-14 01:07:54.939000
Malaysia,1992,Male,CAH17-01	Business and management,124,09/10/23 - 15/10/23,0,1.18389,0,0,0,0,0.0025,01:11:11,01:44:23,4,7,0,0.004168333333333333,0,0,0.8733333333333333,0.30194499999999996,0,0,6,0,0,1,4,1,,2023-10-10 12:12:32.105000,,,2023-10-10 14:17:00.524000,2023-10-10 12:12:36.180000,2023-10-15 12:48:59.868000
United Kingdom of Great Britain and Northern Ireland,1987,Male,CAH10-01	Engineering,125,09/10/23 - 15/10/23,0.7305550000000001,0.07055499999999999,0,0,0,0.012778333333333334,0,00:48:50,01:44:23,4,13,0,0.007498333333333333,0,0,0.7344449999999999,0.011388333333333332,0.006111666666666666,0,11,0,0,3,4,3,,2023-10-09 20:25:04.558000,,,2023-10-09 20:25:06.183000,2023-10-10 12:09:24.431000,2023-10-10 15:47:46.893000
Algeria,2002,Female,"CAH07-04	General, applied and forensic sciences",126,09/10/23 - 15/10/23,0,2.771666666666667,0,0,0,0,0.256945,03:01:43,01:44:23,3,8,0,0.346945,0,0,2.3572216666666668,0.3077783333333333,0,0,15,0,0,6,7,0,,2023-10-10 12:16:08.521000,,,2023-10-10 12:16:20.848000,2023-10-10 12:16:34.506000,
United Kingdom of Great Britain and Northern Ireland,1980,Female,CAH07-01	Physics and astronomy,127,09/10/23 - 15/10/23,0,1.3047233333333332,0.0027783333333333336,0,0,0,1.1763883333333331,02:29:02,01:44:23,5,16,0,0.12333499999999999,0,0,0.9569449999999999,0.20750166666666664,1.1722216666666665,0,13,0,0,3,6,3,,2023-10-10 08:26:07.856000,,,2023-10-10 08:26:10.399000,2023-10-10 08:31:51.475000,2023-10-10 15:45:34.364000
United Kingdom of Great Britain and Northern Ireland,1984,Female,CAH04-01	Psychology,128,09/10/23 - 15/10/23,0.003055,1.4055549999999999,0,0,0,0,0,01:24:31,01:44:23,3,5,0,0.013055,0,0,1.37,0.010833333333333334,0,0,5,0,0,4,1,0,,2023-10-09 19:59:15.252000,,,2023-10-09 19:59:17.540000,2023-10-10 14:43:23.359000,
United Kingdom of Great Britain and Northern Ireland,1988,Male,,129,09/10/23 - 15/10/23,0.275555,0.4586116666666667,0,0,0,0.0013883333333333332,0,00:44:08,01:44:23,6,17,0,0.009443333333333333,0,0.03166666666666666,0.6091666666666666,0.06250166666666666,0,0,11,0,3,3,5,2,,2023-10-09 12:44:34.170000,,2023-10-09 12:45:38.120000,2023-10-09 12:44:50.779000,2023-10-09 20:19:51.368000,2023-10-10 15:46:02.324000
China,2001,Male,CAH11-01	Computing,130,09/10/23 - 15/10/23,0,0.06722166666666667,0,0,0,0,0,00:04:02,01:44:23,4,4,0,0.0011116666666666666,0,0.0016666666666666668,0.006666666666666667,0,0,0,2,0,1,1,1,0,,2023-10-10 15:24:27.105000,,2023-10-10 15:24:57.875000,2023-10-10 15:24:28.835000,2023-10-10 15:25:06.144000,
Singapore,1988,Female,CAH04-01	Psychology,131,09/10/23 - 15/10/23,0,0.0047216666666666665,0,0,0,0,0,00:00:17,01:44:23,2,2,0,0.000555,0,0,0,0,0,0,1,0,0,1,0,0,,2023-10-10 13:06:41.470000,,,2023-10-10 13:06:43.798000,,
India,1990,Male,CAH11-01	Computing,132,09/10/23 - 15/10/23,0,0.026945,0.0036116666666666667,0,0,0,0,00:01:50,01:44:23,4,6,0,0.003888333333333333,0,0,0,0.01638833333333333,0,0,3,0,0,0,3,1,,2023-10-10 20:45:46.612000,,,,2023-10-10 20:45:52.476000,2023-10-10 20:47:14
Philippines,1984,Male,CAH17-01	Business and management,133,09/10/23 - 15/10/23,0,3.173611666666667,0,0.0025,0.009445000000000002,0.001945,0,03:11:15,01:44:23,4,10,0,0.019723333333333332,0,0,1.1908333333333334,0.453055,1.290555,0,9,0,0,1,4,3,,2023-10-10 14:07:53.017000,,,2023-10-10 14:12:39.707000,2023-10-10 14:07:55.153000,2023-10-10 15:54:43.955000
Turkey,1982,Male,CAH11-01	Computing,134,09/10/23 - 15/10/23,0,0.2,0,0,0,0,0,00:12:00,01:44:23,2,2,0,0.0013883333333333332,0,0,0,0,0,0,1,0,0,0,1,0,,2023-10-10 14:16:28.493000,,,,2023-10-10 14:16:33.225000,
Viet Nam,1995,Male,,135,09/10/23 - 15/10/23,0.305555,6.108054999999999,0,0,0,1.5816666666666668,0,07:59:43,01:44:23,6,10,0,1.4049983333333331,0,1.616945,0.395555,2.978056666666667,1.579445,0,14,0,5,3,9,1,,2023-10-09 23:49:27.922000,,2023-10-10 11:05:56.803000,2023-10-09 23:54:16.932000,2023-10-09 23:53:49.352000,2023-10-14 13:30:01.072000
United Kingdom of Great Britain and Northern Ireland,1974,Male,CAH11-01	Computing,136,09/10/23 - 15/10/23,0,2.5947216666666666,0,0,0,0,0,02:35:41,01:44:23,5,5,0,0.123055,0,0.0011116666666666666,0.21333333333333335,1.0202783333333332,1.226111666666667,0,6,0,1,1,3,1,,2023-10-10 14:23:21.972000,,2023-10-10 14:23:32.582000,2023-10-10 14:24:15.216000,2023-10-10 14:37:06.127000,2023-10-10 15:45:25.096000
Nigeria,1991,Female,CAH17-01	Business and management,137,09/10/23 - 15/10/23,0.6288883333333334,0.9388883333333333,0,0,0,0,0,01:34:04,01:44:23,3,5,0,0.9272216666666666,0,0,0.5775,0.015278333333333335,0,0,5,0,0,1,3,0,,2023-10-09 16:39:58.794000,,,2023-10-09 16:40:20.910000,2023-10-09 16:40:07.314000,
Morocco,2001,Male,CAH11-01	Computing,138,09/10/23 - 15/10/23,0,0,0,0,0,0,0,00:00:00,01:44:23,0,0,0,0,0,0,0,0,0,0,0,0,0,0,0,0,,,,,,,
Nigeria,2000,Male,CAH03-01	Biosciences,139,09/10/23 - 15/10/23,0.6288883333333334,0.9388883333333333,0,0,0,0,0,01:34:04,01:44:23,3,5,0,0.9272216666666666,0,0,0.5775,0.015278333333333335,0,0,5,0,0,1,3,0,,2023-10-09 16:39:58.794000,,,2023-10-09 16:40:20.910000,2023-10-09 16:40:07.314000,
United Kingdom of Great Britain and Northern Ireland,1988,Female,CAH04-01	Psychology,140,09/10/23 - 15/10/23,0,0,0,0,0,0.0008333333333333334,0,00:00:03,01:44:23,1,1,0,0,0,0,0,0,0,0,1,0,0,0,0,0,,2023-10-14 00:15:07.309000,,,,,
China,2001,Male,CAH11-01	Computing,141,09/10/23 - 15/10/23,0,2.832221666666667,0,0,0.14555500000000002,0,0.005278333333333333,02:58:59,01:44:23,5,11,0,2.7952783333333335,0,0.0016666666666666668,0.042778333333333335,0.11833333333333333,0,0,13,0,3,2,8,0,,2023-10-10 14:10:57.119000,,2023-10-13 17:52:38.619000,2023-10-10 14:11:09.001000,2023-10-10 14:11:04.535000,
Jordan,1994,Female,CAH04-01	Psychology,142,09/10/23 - 15/10/23,0,0.6550016666666667,0,0,0,0,0,00:39:18,01:44:23,3,5,0,0.015554999999999998,0,0,0,0.04611166666666667,0.5786116666666666,0,4,0,0,0,1,2,,2023-10-10 10:18:51.392000,,,,2023-10-10 12:18:24.825000,2023-10-10 15:46:07.497000
United Kingdom of Great Britain and Northern Ireland,1990,Male,CAH02-05	Medical sciences,143,09/10/23 - 15/10/23,0,1.1388883333333333,0,0,0,0,0,01:08:20,01:44:23,3,3,0,0.008055,0,0,0.9280550000000001,0.19888833333333336,0,0,2,0,0,1,1,0,,2023-10-10 13:58:10.955000,,,2023-10-10 14:10:39.636000,2023-10-10 13:58:36.610000,
Bangladesh,1995,Female,CAH17-01	Business and management,144,09/10/23 - 15/10/23,0.21138833333333334,1.7566666666666668,0,0,0,0,0,01:58:05,01:44:23,9,13,0,0.04611166666666667,0,0.007221666666666667,0.4925,0.3952766666666667,0,0,8,0,4,2,4,1,,2023-10-09 21:07:59.394000,,2023-10-09 21:07:35.464000,2023-10-09 21:08:02.089000,2023-10-09 21:20:02.326000,2023-10-10 15:55:02.964000
United Kingdom of Great Britain and Northern Ireland,2002,Male,CAH20-01	History and archaeology,145,09/10/23 - 15/10/23,0.01638833333333333,1.4972216666666667,0.009166666666666667,0,0,0,0,01:31:22,01:44:23,4,10,0,0.3975,0,0,0.001945,1.1102783333333333,0,0,18,0,0,3,11,1,,2023-10-09 16:54:57.209000,,,2023-10-09 16:55:13.020000,2023-10-09 16:55:04.277000,2023-10-10 15:45:24.228000
United Kingdom of Great Britain and Northern Ireland,1979,Female,CAH22-01	Education and teaching,146,09/10/23 - 15/10/23,0,0.3022216666666667,0,0.05527833333333333,0.011945,0,0.007500000000000001,00:22:37,01:44:23,6,17,0,0.01972,0,0.0008333333333333334,0.016111666666666666,0.12611166666666668,0.004166666666666667,0,14,0,1,2,8,4,,2023-10-10 12:06:54.460000,,2023-10-10 12:07:39.399000,2023-10-10 12:16:17.339000,2023-10-10 12:07:00.494000,2023-10-12 20:18:53.259000
United Kingdom of Great Britain and Northern Ireland,1983,Male,CAH09-01	Mathematical sciences,147,09/10/23 - 15/10/23,0,2.1661116666666667,0,0,0.5433333333333333,0,1.5502783333333334,04:15:35,01:44:23,4,9,0,0.021388333333333336,0,0.00027833333333333334,0.15277833333333332,2.0852766666666667,0,0,10,0,1,6,2,0,,2023-10-10 12:02:58.488000,,2023-10-10 14:12:23.035000,2023-10-10 12:03:03.910000,2023-10-13 16:40:04.554000,
Sri Lanka,1983,Male,CAH10-01	Engineering,148,09/10/23 - 15/10/23,0,0.08527833333333333,0,0,0.058333333333333334,0.20111166666666666,0.005,00:20:59,01:44:23,4,12,0,0.08583333333333334,0,0,0,0.006111666666666666,0.1680566666666667,0,7,0,0,0,3,3,,2023-10-10 09:14:43.769000,,,,2023-10-10 09:14:45.373000,2023-10-13 05:19:47.199000
Sri Lanka,1993,Male,CAH17-01	Business and management,149,09/10/23 - 15/10/23,0.013611666666666668,1.6644450000000002,0,0,0,0,0,01:40:41,01:44:23,5,7,0,1.4127783333333332,0,0.0008333333333333334,0.006944999999999999,0.24222166666666667,0,0,6,0,1,2,2,1,,2023-10-09 09:38:14.054000,,2023-10-10 14:16:51.900000,2023-10-09 09:38:40.819000,2023-10-10 14:15:05.316000,2023-10-10 15:54:42.448000
United Kingdom of Great Britain and Northern Ireland,2000,Male,CAH09-01	Mathematical sciences,150,09/10/23 - 15/10/23,0,0.9194433333333334,0,0,0,0,0,00:55:10,01:44:23,3,4,0,0.051111666666666666,0,0,0,0.8661116666666666,0,0,3,0,0,1,1,0,,2023-10-10 12:17:17.192000,,,2023-10-10 12:17:20.122000,2023-10-10 14:07:05.230000,
United Kingdom of Great Britain and Northern Ireland,1996,Male,CAH04-01	Psychology,151,09/10/23 - 15/10/23,0.001945,0.6597216666666667,0,0,0,0,0.012778333333333334,00:40:28,01:44:23,4,8,0,0.004168333333333333,0,0,0,0.003888333333333333,0.654445,0,4,0,0,0,3,2,,2023-10-09 14:35:56.042000,,,,2023-10-09 14:36:00.054000,2023-10-10 15:47:09.676000
Bangladesh,1999,Male,CAH10-01	Engineering,152,09/10/23 - 15/10/23,0,0.8638883333333334,0.044721666666666667,0,0,0,0,00:54:31,01:44:23,5,9,0,0.006944999999999999,0,0,0.8202766666666667,0.001945,0.03527833333333333,0,11,0,0,6,4,1,,2023-10-10 11:20:41.861000,,,2023-10-10 11:20:46.391000,2023-10-10 11:21:56.108000,2023-10-11 08:54:30.272000
Nigeria,1976,Female,CAH25-01	Creative arts and design,153,09/10/23 - 15/10/23,0,0.3663883333333333,0,0,0,0.012221666666666665,0,00:22:43,01:44:23,4,5,0,0.007500000000000001,0,0,0,0.3516666666666667,0,0,3,0,1,0,2,1,,2023-10-10 12:11:44.611000,,2023-10-10 12:33:27.219000,,2023-10-10 12:11:50.580000,2023-10-14 14:50:59.112000
Pakistan,1998,Male,CAH11-01	Computing,154,09/10/23 - 15/10/23,0.008055,0,0.36388833333333337,0,0,0,0,00:22:19,01:44:23,3,5,0,0.003055,0,0,0,0.0011116666666666666,0,0,3,0,0,1,2,0,,2023-10-09 14:21:25.623000,,,2023-10-09 14:21:36.668000,2023-10-09 14:21:30.937000,
Turkey,1969,Female,CAH22-01	Education and teaching,155,09/10/23 - 15/10/23,0,1.2163883333333334,0,1.0241666666666667,0.034444999999999996,0.42583333333333334,0,02:42:03,01:44:23,6,20,0,0.053611666666666676,0,0.0022216666666666665,0.80639,1.2258333333333333,0.21638833333333335,0,27,0,1,4,13,8,,2023-10-10 14:02:00.943000,,2023-10-14 11:38:47.802000,2023-10-10 14:24:43.945000,2023-10-10 14:02:07.086000,2023-10-10 21:40:12.063000
Sri Lanka,2001,Male,CAH17-01	Business and management,156,09/10/23 - 15/10/23,0,0.08861166666666667,0,0,0,0,0,00:05:19,01:44:23,3,3,0,0.0022216666666666665,0,0,0,0.07666666666666666,0,0,2,0,0,0,1,1,,2023-10-10 15:40:23.699000,,,,2023-10-10 15:40:28.665000,2023-10-10 15:45:07.722000
Sri Lanka,1986,Male,CAH17-01	Business and management,157,09/10/23 - 15/10/23,2.7383333333333337,0.0013883333333333332,0,0,0,0,0.3688883333333334,03:06:31,01:44:23,5,12,0,0.13472166666666666,0,0,1.5213883333333333,0.014445000000000001,0.334445,0,13,0,0,5,6,1,,2023-10-09 14:28:41.024000,,,2023-10-09 14:29:13.847000,2023-10-09 14:36:45.714000,2023-10-15 21:07:56.750000
India,1995,Male,CAH10-01	Engineering,158,09/10/23 - 15/10/23,2.499445,0.9816666666666667,0,0,0,0.07055499999999999,0,03:33:06,01:44:23,4,9,0,0.2725,0,0,2.4991666666666665,0.7675,0.001945,0,8,0,0,2,4,2,,2023-10-09 11:24:27.165000,,,2023-10-09 11:24:30.647000,2023-10-10 14:28:27.831000,2023-10-14 13:34:56.084000
Cameroon,1991,Female,CAH17-01	Business and management,159,09/10/23 - 15/10/23,0,0.007500000000000001,0,0,0,0,0,00:00:27,01:44:23,2,2,0,0.005,0,0,0.00027833333333333334,0,0,0,2,0,0,1,0,0,,2023-10-10 15:53:29.482000,,,2023-10-10 15:53:33.130000,,
United Kingdom of Great Britain and Northern Ireland,2001,Male,CAH09-01	Mathematical sciences,160,09/10/23 - 15/10/23,0,0.165,0,0,0,0,0,00:09:54,01:44:23,5,6,0,0.005555000000000001,0,0,0,0.000555,0.005555000000000001,0,4,0,0,1,1,1,,2023-10-10 09:47:07.562000,,,2023-10-10 09:47:20.728000,2023-10-10 09:47:17.320000,2023-10-10 15:42:15.086000
Egypt,2000,Male,CAH11-01	Computing,161,09/10/23 - 15/10/23,0.043333333333333335,0,0,0,0,0,0,00:02:36,01:44:23,2,2,0,0.0036116666666666667,0,0,0.034166666666666665,0,0,0,2,0,0,2,0,0,,2023-10-09 07:23:22.587000,,,2023-10-09 07:23:26.137000,,
Myanmar,1995,Male,CAH11-01	Computing,162,09/10/23 - 15/10/23,0,3.1844449999999997,0,0,0,0,0,03:11:04,01:44:23,5,5,0,0.0047216666666666665,0,0.6163883333333333,0.18361166666666665,2.1802783333333333,0,0,4,0,2,1,3,0,,2023-10-10 14:01:54.899000,,2023-10-10 14:28:08.089000,2023-10-10 14:17:05.794000,2023-10-10 14:02:00.607000,
United Kingdom of Great Britain and Northern Ireland,1991,Male,CAH15-03	Politics,163,09/10/23 - 15/10/23,0.230555,3.509445,0,0,0,0,0,03:44:24,01:44:23,4,11,0,0.2897233333333333,0,0.000555,0,1.9733333333333334,1.4533333333333334,0,9,0,1,0,6,1,,2023-10-09 11:54:38.596000,,2023-10-10 15:11:00.337000,,2023-10-09 20:43:05.033000,2023-10-10 15:41:29.252000
Sri Lanka,1994,Male,CAH11-01	Computing,164,09/10/23 - 15/10/23,0.33888833333333335,0.1902783333333333,0,0,0.09777833333333333,0,0,00:37:37,01:44:23,4,9,0,0.14888833333333334,0,0,0.2658333333333333,0.01805666666666667,0.084445,0,4,0,0,2,3,2,,2023-10-09 17:42:43.611000,,,2023-10-09 17:51:29.967000,2023-10-09 18:01:30.938000,2023-10-10 17:52:17.323000
Turkey,1984,Male,CAH17-01	Business and management,165,09/10/23 - 15/10/23,0,0,0,0,0,0.0047216666666666665,0,00:00:17,01:44:23,2,2,0,0.0008333333333333334,0,0,0,0,0,0,1,0,0,0,0,1,,2023-10-14 21:50:15.651000,,,,,2023-10-14 21:50:18.430000
Malaysia,1998,Female,CAH17-01	Business and management,166,09/10/23 - 15/10/23,0,0,0,0,0,0,0,00:00:00,01:44:23,0,0,0,0,0,0,0,0,0,0,0,0,0,0,0,0,,,,,,,
Pakistan,1995,Male,CAH10-01	Engineering,167,09/10/23 - 15/10/23,0,2.8986099999999997,0,0,0,0,0,02:53:55,01:44:23,3,5,0,0.9444433333333334,0,0,0.05083333333333333,1.8986116666666668,0,0,4,0,0,1,2,0,,2023-10-10 08:49:50.772000,,,2023-10-10 08:50:03.411000,2023-10-10 08:49:57.643000,
United Kingdom of Great Britain and Northern Ireland,2001,Female,CAH17-01	Business and management,168,09/10/23 - 15/10/23,0,0,0,0,0,0,0,00:00:00,01:44:23,0,0,0,0,0,0,0,0,0,0,0,0,0,0,0,0,,,,,,,
Sweden,1977,Male,"CAH15-01	Sociology, social policy and anthropology",169,09/10/23 - 15/10/23,0,0.03666666666666667,0,0,2.9230549999999997,0,0,02:57:35,01:44:23,6,13,0,0.020833333333333332,0,0.003055,0,0.008888333333333333,2.896111666666667,0,7,0,1,0,5,3,,2023-10-10 10:24:37.365000,,2023-10-10 10:24:56.361000,,2023-10-10 10:24:47.312000,2023-10-10 21:29:42.582000
Pakistan,1987,Male,CAH11-01	Computing,170,09/10/23 - 15/10/23,0.014721666666666666,3.4266666666666667,0,0,0.023055,0.0047216666666666665,0.26611166666666664,03:44:07,01:44:23,7,21,0,0.10222166666666667,0,0.0016666666666666668,0.48083333333333333,2.836111666666667,0.26138833333333333,0,17,0,3,5,10,3,,2023-10-09 10:48:26.603000,,2023-10-09 14:39:16.740000,2023-10-09 10:48:37.576000,2023-10-09 14:39:23.093000,2023-10-13 19:33:15.607000
India,2001,Male,CAH10-01	Engineering,171,09/10/23 - 15/10/23,0.6227783333333333,4.496388333333333,0,0,0,0,0,05:07:09,01:44:23,7,21,0,2.8225,0,1.1108333333333333,0.955555,0.09583499999999999,0.0925,0,19,0,7,7,8,2,,2023-10-09 11:03:01.401000,,2023-10-10 06:07:12.161000,2023-10-09 11:03:05.560000,2023-10-09 16:19:16.955000,2023-10-10 15:52:35.379000
Nigeria,2001,Male,"CAH26-01 Geography, earth and environmental studies",172,09/10/23 - 15/10/23,0.129445,3.1983349999999997,0,0,0,0,0,03:19:40,01:44:23,3,7,0,1.6808333333333332,0,0,0.05388833333333333,1.548055,0,0,7,0,0,1,4,0,,2023-10-09 17:21:13.649000,,,2023-10-09 17:21:17.019000,2023-10-09 17:24:34.241000,
Viet Nam,1998,Male,CAH11-01	Computing,173,09/10/23 - 15/10/23,0.05277833333333334,4.05,0,0,0,0,0,04:06:10,01:44:23,6,11,0,0.815555,0,0.003888333333333333,0.0275,1.2352766666666668,0,0,17,0,2,4,7,2,,2023-10-09 20:24:11.222000,,2023-10-09 20:25:33.933000,2023-10-09 20:24:17.054000,2023-10-09 20:25:29.301000,2023-10-10 16:06:44.286000
China,2002,Male,CAH11-01	Computing,174,09/10/23 - 15/10/23,0,3.1824999999999997,0,0,0,0,0,03:10:57,01:44:23,3,3,0,1.5341666666666667,0,0,0.09138833333333334,0,1.5452783333333333,0,4,0,0,1,0,2,,2023-10-10 14:09:10.948000,,,2023-10-10 14:09:15.164000,,2023-10-10 15:47:18.360000
Nigeria,1996,Female,CAH17-01	Business and management,175,09/10/23 - 15/10/23,0,2.1497216666666663,0,0,0.066945,0,0.9688883333333334,03:11:08,01:44:23,6,7,0,0.16722166666666669,0,0.001945,0,1.908055,0.8972216666666667,0,5,0,1,0,3,2,,2023-10-10 11:59:16.304000,,2023-10-15 15:28:17.143000,,2023-10-10 12:03:04.452000,2023-10-15 14:52:05.936000
Nigeria,1980,Female,CAH09-01	Mathematical sciences,176,09/10/23 - 15/10/23,0.10361166666666667,0,0,0,0,0,0,00:06:13,01:44:23,3,3,0,0.04833333333333333,0,0,0,0,0,0,1,0,0,0,0,0,,2023-10-09 05:25:05.654000,,,,,
Nigeria,2001,Female,CAH17-01	Business and management,177,09/10/23 - 15/10/23,0.01,3.329445,0,0,0,0,0.5752783333333333,03:54:53,01:44:23,6,11,0,0.00861,0,0.0013883333333333332,1.2613883333333331,2.0436116666666666,0.525,0,9,0,2,1,6,2,,2023-10-09 17:50:49.970000,,2023-10-09 17:50:56.319000,2023-10-10 14:13:58.994000,2023-10-09 17:50:59.914000,2023-10-15 21:50:06.439000
Australia,1977,Female,CAH16-01	Law,178,09/10/23 - 15/10/23,0,0,0,0,0,0,0,00:00:00,01:44:23,0,0,0,0,0,0,0,0,0,0,0,0,0,0,0,0,,,,,,,
United Kingdom of Great Britain and Northern Ireland,2001,Male,CAH11-01	Computing,179,09/10/23 - 15/10/23,0,2.8197216666666667,0,0.003888333333333333,0,0,0,02:49:25,01:44:23,4,6,0,0.0047216666666666665,0,0.5875,0,1.9444450000000002,0,0,6,0,7,0,4,0,,2023-10-10 11:59:27.301000,,2023-10-10 11:59:32.673000,,2023-10-10 11:59:29.138000,
India,2000,Male,CAH10-01	Engineering,180,09/10/23 - 15/10/23,0.024444999999999998,4.845833333333333,0,0.1475,0,0,0,05:01:04,01:44:23,4,9,0,0.5783349999999999,0,0,2.966111666666667,1.380555,0,0,10,0,0,4,4,1,,2023-10-09 23:34:04.004000,,,2023-10-09 23:34:08.375000,2023-10-09 23:34:12.749000,2023-10-12 20:16:50.832000
Nigeria,1976,Female,CAH17-01	Business and management,181,09/10/23 - 15/10/23,0.04027833333333333,3.9833333333333334,0,0.09138833333333334,3.4552766666666668,0,0,07:34:13,01:44:23,7,16,0,0.12111166666666667,0,2.5002783333333336,2.6766666666666667,0.249445,0.6075,0,9,0,4,3,4,1,,2023-10-09 17:56:51.916000,,2023-10-12 20:31:35.068000,2023-10-09 17:57:02.086000,2023-10-10 11:21:00.120000,2023-10-13 18:23:05.495000
Sri Lanka,2000,Female,CAH17-01	Business and management,182,09/10/23 - 15/10/23,0.005,0,0,0,0,0,0,00:00:18,01:44:23,2,2,0,0.0033333333333333335,0,0,0,0,0,0,1,0,0,0,1,0,,2023-10-09 22:43:59.440000,,,,2023-10-09 22:44:11.084000,
Viet Nam,1997,Female,CAH17-01	Business and management,183,09/10/23 - 15/10/23,2.05,5.734445,0,0,0,0.5811116666666667,0,08:21:56,01:44:23,5,12,0,0.013335000000000001,0,0.039445,2.050555,3.0991666666666666,0.004445,0,13,0,3,4,7,2,,2023-10-09 01:16:43.043000,,2023-10-10 12:35:05.941000,2023-10-09 01:16:52.834000,2023-10-10 11:33:57.105000,2023-10-14 16:35:19.093000
Thailand,2001,Male,CAH17-01	Business and management,184,09/10/23 - 15/10/23,0,3.754445,0,0,0,0,0,03:45:16,01:44:23,3,3,0,0.07888833333333332,0,0,0,3.6730549999999997,0,0,3,0,0,0,2,1,,2023-10-10 12:10:47.153000,,,,2023-10-10 12:10:49.523000,2023-10-10 15:55:58.677000
United Kingdom of Great Britain and Northern Ireland,2001,Male,CAH04-01	Psychology,185,09/10/23 - 15/10/23,0,1.755,0,0,0,0,0,01:45:18,01:44:23,3,3,0,0.6158333333333333,0,0,0.500555,0.6325000000000001,0,0,9,0,0,2,6,0,,2023-10-10 12:00:43.990000,,,2023-10-10 12:00:51.827000,2023-10-10 12:00:45.677000,
Iran,1995,Female,CAH10-01	Engineering,186,09/10/23 - 15/10/23,0,2.214445,0,0,0,0,0,02:12:52,01:44:23,3,5,0,1.016945,0,0,0.019444999999999997,1.168888333333333,0,0,8,0,0,2,5,0,,2023-10-10 13:58:27.797000,,,2023-10-10 13:58:31.094000,2023-10-10 14:16:50.577000,
United Kingdom of Great Britain and Northern Ireland,1997,Female,CAH09-01	Mathematical sciences,187,09/10/23 - 15/10/23,0,2.6175,0.03166666666666666,0,0,0,0,02:38:57,01:44:23,4,10,0,0.013889999999999998,0,0,1.075555,0.374445,0.270555,0,10,0,0,4,4,2,,2023-10-10 11:18:24.332000,,,2023-10-10 11:18:37.027000,2023-10-10 11:30:36.507000,2023-10-10 15:45:34.871000
Egypt,1986,Male,CAH10-01	Engineering,188,09/10/23 - 15/10/23,0,0.19861166666666666,0,0.03527833333333333,0,0,0,00:14:02,01:44:23,4,5,0,0.004443333333333333,0,0.00027833333333333334,0,0,0.028055,0,4,0,1,0,1,3,,2023-10-10 15:07:34.066000,,2023-10-10 15:07:32.748000,,2023-10-10 15:07:39.234000,2023-10-12 22:07:13.787000
Sri Lanka,1987,Female,CAH10-01	Engineering,189,09/10/23 - 15/10/23,0,2.624445,0,0,0,0,0,02:37:28,01:44:23,5,5,0,0.0027783333333333336,0,0.0025,0.004166666666666667,1.7394450000000001,0,0,3,0,1,1,2,0,,2023-10-10 15:10:14.629000,,2023-10-10 15:11:39.323000,2023-10-10 15:10:16.849000,2023-10-10 15:10:37.277000,
Algeria,1996,Male,,190,09/10/23 - 15/10/23,0.003888333333333333,1.1277783333333333,0,0,0.063055,0,0,01:11:41,01:44:23,4,7,0,0.0027783333333333336,0,0,0,1.12861,0,0,4,0,0,1,2,1,,2023-10-09 22:37:54.124000,,,2023-10-09 22:38:05.762000,2023-10-09 22:37:57.213000,2023-10-13 03:17:20.057000
Sri Lanka,1996,Female,CAH17-01	Business and management,191,09/10/23 - 15/10/23,0.21083333333333334,2.8697216666666665,0,0,0,0.016111666666666666,0,03:05:48,01:44:23,5,12,0,0.09416666666666668,0,0.0047216666666666665,1.4713883333333333,1.5094450000000001,0,0,8,0,1,3,3,1,,2023-10-09 12:59:36.467000,,2023-10-09 13:11:45.957000,2023-10-09 13:04:56.305000,2023-10-10 15:35:42.955000,2023-10-14 21:37:08.046000
Iran,1988,Male,CAH10-01	Engineering,192,09/10/23 - 15/10/23,0,0,0,0,0,0,0,00:00:00,01:44:23,0,0,0,0,0,0,0,0,0,0,0,0,0,0,0,0,,,,,,,
Sri Lanka,1996,Female,CAH09-01	Mathematical sciences,193,09/10/23 - 15/10/23,0,2.4197216666666668,0,0,0,0,0,02:25:11,01:44:23,3,5,0,0.8944433333333334,0,0,0.0022216666666666665,1.505555,0,0,5,0,0,2,2,0,,2023-10-10 13:13:04.428000,,,2023-10-10 13:13:09.815000,2023-10-10 14:16:57.162000,
India,1996,Male,CAH17-01	Business and management,194,09/10/23 - 15/10/23,0,0,0,0,0,0,0,00:00:00,01:44:23,0,0,0,0,0,0,0,0,0,0,0,0,0,0,0,0,,,,,,,
India,1997,Male,CAH10-01	Engineering,195,09/10/23 - 15/10/23,0,1.8997216666666668,0.34472166666666665,0,0,0.008333333333333333,0.18888833333333335,02:26:29,01:44:23,4,9,0,0.006944999999999999,0,0,1.5902783333333335,0.30694499999999997,0.52,0,7,0,0,1,2,4,,2023-10-10 13:58:23.671000,,,2023-10-10 13:58:25.912000,2023-10-10 15:33:52.731000,2023-10-11 09:12:32.292000
Nigeria,1991,Male,CAH11-01	Computing,196,09/10/23 - 15/10/23,0,0.10888833333333332,0,0,0,0,0.3766666666666667,00:29:08,01:44:23,4,6,0,0.0325,0,0,0,0.35361166666666666,0,0,5,0,0,0,2,1,,2023-10-10 15:47:29.510000,,,,2023-10-10 15:50:14.263000,2023-10-15 11:30:48.106000
Nigeria,1997,Female,CAH15-02	Economics,197,09/10/23 - 15/10/23,0.17277833333333334,2.1108333333333333,0.005278333333333333,0,0,0,0,02:17:20,01:44:23,7,10,0,0.435555,0,0.013888333333333332,0.098055,0.0016666666666666668,0.0016666666666666668,0,10,0,1,4,2,3,,2023-10-09 13:08:58.326000,,2023-10-09 15:12:39.068000,2023-10-09 15:09:39.935000,2023-10-09 15:18:36.513000,2023-10-24 11:12:12.482000
United Kingdom of Great Britain and Northern Ireland,2000,Female,CAH04-01	Psychology,198,09/10/23 - 15/10/23,0,0,3.685,0,0,0,0,03:41:06,01:44:23,6,6,0,0.006666666666666667,0,0,0,2.7916666666666665,0.8597216666666667,0,4,0,1,0,4,2,,2023-10-11 14:36:03.208000,,2023-10-11 15:18:01.990000,,2023-10-11 14:36:56.555000,2023-10-11 14:36:14.110000
Malaysia,2000,Female,CAH17-01	Business and management,199,09/10/23 - 15/10/23,0,1.4680549999999999,0,0,0,0,0,01:28:05,01:44:23,2,2,0,0.0008333333333333334,0,0,1.4655549999999997,0,0,0,1,0,0,1,0,0,,2023-10-10 10:34:50.466000,,,2023-10-10 10:34:53.022000,,
United Kingdom of Great Britain and Northern Ireland,2001,Female,CAH15-02	Economics,200,09/10/23 - 15/10/23,1.605,1.2875,0,0,0,0,0,02:53:33,01:44:23,4,6,0,0.0036116666666666667,0,0,1.5847216666666666,1.275,0,0,4,0,0,1,2,1,,2023-10-09 12:47:23.404000,,,2023-10-09 12:47:26.233000,2023-10-10 12:04:50.656000,2023-10-10 15:48:40.935000
China,2002,Male,CAH11-01	Computing,201,09/10/23 - 15/10/23,0.006944999999999999,2.9691666666666667,0.024166666666666666,0,0,0,0,03:00:01,01:44:23,4,6,0,0.0027783333333333336,0,0,0,2.9616666666666664,0,0,3,0,0,1,2,0,,2023-10-09 19:59:32.803000,,,2023-10-09 19:59:53.962000,2023-10-09 19:59:36.258000,
Iran,1992,Female,CAH10-01	Engineering,202,09/10/23 - 15/10/23,0,1.4094450000000003,0,0,0,0,0.03777833333333334,01:26:50,01:44:23,3,4,0,0.0013883333333333332,0,0,0,1.4038883333333334,0.034166666666666665,0,2,0,0,0,1,1,,2023-10-10 15:11:35.064000,,,,2023-10-10 15:11:37.457000,2023-10-16 00:47:11.633000
Pakistan,1994,Male,CAH10-01	Engineering,203,09/10/23 - 15/10/23,0,0.009721666666666665,0,0,0,0,0,00:00:35,01:44:23,2,2,0,0.0011116666666666666,0,0,0,0,0,0,1,0,0,0,0,1,,2023-10-10 15:51:10.379000,,,,,2023-10-10 15:51:14.063000
India,1999,Male,CAH10-01	Engineering,204,09/10/23 - 15/10/23,0,0,0,0,0,0,0,00:00:00,01:44:23,0,0,0,0,0,0,0,0,0,0,0,0,0,0,0,0,,,,,,,
Myanmar,2001,Female,CAH17-01	Business and management,205,09/10/23 - 15/10/23,0,0,0,0,0,0,0,00:00:00,01:44:23,0,0,0,0,0,0,0,0,0,0,0,0,0,0,0,0,,,,,,,
Turkey,1999,Female,CAH10-01	Engineering,206,09/10/23 - 15/10/23,0,0.23888833333333334,0,0,0,0,0,00:14:20,01:44:23,4,5,0,0.0033333333333333335,0,0,0.008333333333333333,0.223055,0,0,4,0,0,1,2,1,,2023-10-10 12:09:18.818000,,,2023-10-10 12:09:23.401000,2023-10-10 15:17:36.401000,2023-10-10 15:53:45.398000
Nigeria,1994,Male,CAH15-02	Economics,207,09/10/23 - 15/10/23,0,0,0,0,0,0,0,00:00:00,01:44:23,0,0,0,0,0,0,0,0,0,0,0,0,0,0,0,0,,,,,,,
India,1992,Male,CAH19-01	English studies,208,09/10/23 - 15/10/23,0,1.4038883333333334,0,0,0,0,0,01:24:14,01:44:23,3,6,0,0.698055,0,0,0.5988883333333334,0.005278333333333333,0,0,6,0,0,4,2,0,,2023-10-10 14:00:37.642000,,,2023-10-10 14:01:00.490000,2023-10-10 14:00:39.370000,
Bangladesh,1996,Female,CAH17-01	Business and management,209,09/10/23 - 15/10/23,2.835,1.8525,0,0,0,0,0.17055500000000004,04:51:29,01:44:23,6,11,0,0.013333333333333334,0,0.0008333333333333334,4.120278333333333,0.6816666666666666,0,0,9,0,1,3,5,1,,2023-10-09 22:38:40.351000,,2023-10-09 22:38:36.911000,2023-10-09 19:59:06.028000,2023-10-09 22:39:01.643000,2023-10-16 01:47:34.795000
Sri Lanka,1996,Female,CAH11-01	Computing,210,09/10/23 - 15/10/23,0,1.7311116666666668,0,0,0,0,0,01:43:52,01:44:23,4,4,0,0.12833333333333333,0,0,1.5102783333333334,0.024444999999999998,0.06333333333333332,0,5,0,0,1,1,2,,2023-10-10 14:05:59.836000,,,2023-10-10 14:06:03.021000,2023-10-10 15:37:15.039000,2023-10-10 15:45:54.537000
Myanmar,1998,Female,CAH11-01	Computing,211,09/10/23 - 15/10/23,0.02,1.141945,0,0,4.11,0.0013883333333333332,1.166945,06:26:25,01:44:23,6,22,0,0.16333166666666668,0,0,4.275555,1.7083350000000002,0,0,24,0,0,4,13,1,,2023-10-10 12:10:10.035000,,,2023-10-10 12:21:11.116000,2023-10-10 12:10:14.445000,2023-10-15 16:06:25.528000
United States of America,2001,Male,CAH11-01	Computing,212,09/10/23 - 15/10/23,0.023055,0.08083333333333333,0,0,0,0,0,00:06:14,01:44:23,4,5,0,0.0033333333333333335,0,0,0,0.06527833333333334,0,0,3,0,0,1,1,1,,2023-10-09 18:10:56.032000,,,2023-10-09 18:11:00.881000,2023-10-10 15:37:36.341000,2023-10-10 15:41:36.312000
